\echo
\echo '=== data_vat.sql ==='
\echo

--
-- PostgreSQL database dump
--

-- Dumped from database version 13.4
-- Dumped by pg_dump version 13.3 (Ubuntu 13.3-1.pgdg16.04+1)

-- Created on app.domonda.com with:
--
-- PGPASSWORD="<password>" pg_dump \
--     -h domonda-database-postgresql13-master.cs6i52tp3yrb.eu-central-1.rds.amazonaws.com \
--     -p 18603 \
--     -d domonda \
--     -U postgres \
--     --inserts \
--     --column-inserts \
--     --rows-per-insert=9999 \
--     --data-only \
--     -t public.value_added_tax*

--
-- Data for Name: value_added_tax; Type: TABLE DATA; Schema: public; Owner: postgres
--

INSERT INTO public.value_added_tax (id, expired_at, type, name, short_name, net_only_amount, vat_id_required, country, updated_at, created_at, introduced_at, "default", index) VALUES
  ('03b3a9fb-12f9-486e-8c2a-0e2fd658f5af', NULL, 'PAYABLE', 'Ausfuhrlieferungen', 'UST AL', true, false, 'AT', '2020-11-24 13:54:11.917004+00', '2020-11-24 13:54:11.917004+00', NULL, false, 0),
  ('c4bcbd89-532d-45e9-a81f-addb3b170127', NULL, 'PAYABLE', 'Ausfuhrlieferungen', 'UST AL', true, false, 'DE', '2020-11-24 13:54:11.917004+00', '2020-11-24 13:54:11.917004+00', NULL, false, 0),
  ('626772c4-87ee-4d97-9f56-6fb7017753e8', NULL, 'PAYABLE', 'Dienstleisutng iVm Ausfuhr', 'UST AL DL', true, false, 'AT', '2020-11-24 13:54:11.917004+00', '2020-11-24 13:54:11.917004+00', NULL, false, 0),
  ('38872f7e-c741-4bb5-8028-84b8f1c65cad', NULL, 'PAYABLE', 'Dienstleisutng iVm Ausfuhr', 'UST AL DL', true, false, 'DE', '2020-11-24 13:54:11.917004+00', '2020-11-24 13:54:11.917004+00', NULL, false, 0),
  ('898cfd35-2c1f-4733-adc7-c934edd3e8a8', NULL, 'PAYABLE', 'Dreiecksgeschäft', 'UST DEG1', true, true, 'AT', '2020-11-24 13:54:11.917004+00', '2020-11-24 13:54:11.917004+00', NULL, false, 0),
  ('d7c26561-a4f1-4c2b-bdc9-9da755c03994', NULL, 'PAYABLE', 'Dreiecksgeschäft', 'UST DEG1', true, true, 'DE', '2020-11-24 13:54:11.917004+00', '2020-11-24 13:54:11.917004+00', NULL, false, 0),
  ('906f0273-0a92-4ad7-bd0a-12b045307055', NULL, 'PAYABLE', 'Lohnveredelung iVm Ausfuhr', 'UST AL LV', true, false, 'AT', '2020-11-24 13:54:11.917004+00', '2020-11-24 13:54:11.917004+00', NULL, false, 0),
  ('97fbe0fb-076f-4c27-aa08-e453551e4557', NULL, 'PAYABLE', 'Lohnveredelung iVm Ausfuhr', 'UST AL LV', true, false, 'DE', '2020-11-24 13:54:11.917004+00', '2020-11-24 13:54:11.917004+00', NULL, false, 0),
  ('a989609c-21db-4ef1-bf0d-231d45461e80', NULL, 'PAYABLE', 'Personenbeförderung', 'UST Pers', false, false, 'AT', '2020-11-24 13:54:11.917004+00', '2020-11-24 13:54:11.917004+00', NULL, false, 0),
  ('9e55209b-577a-4f36-b737-2c22449fe81e', NULL, 'PAYABLE', 'Grundstücksumsätze', 'UST Grund', true, false, 'AT', '2020-11-24 13:54:11.917004+00', '2020-11-24 13:54:11.917004+00', NULL, false, 0),
  ('767f2e92-f97d-43d8-a4d3-e7a80045b4ca', NULL, 'PAYABLE', 'Grundstücksumsätze', 'UST Grund', true, false, 'DE', '2020-11-24 13:54:11.917004+00', '2020-11-24 13:54:11.917004+00', NULL, false, 0),
  ('373c9d73-ca2e-4653-8521-a0ba0c48811c', NULL, 'PAYABLE', 'Kleinunternehmer', 'UST KU', true, false, 'AT', '2020-11-24 13:54:11.917004+00', '2020-11-24 13:54:11.917004+00', NULL, false, 0),
  ('0718778c-a6b4-4583-adca-046d5931876b', NULL, 'PAYABLE', 'Umsatz aus Lieferung nicht steuerbar', 'UST Lief. n.sb.', true, false, 'AT', '2020-11-24 13:54:11.917004+00', '2020-11-24 13:54:11.917004+00', NULL, false, 0),
  ('ec41a564-9337-4c00-be25-824c83c1d209', NULL, 'PAYABLE', 'Umsatz aus Lieferung nicht steuerbar', 'UST Lief. n.sb.', true, false, 'DE', '2020-11-24 13:54:11.917004+00', '2020-11-24 13:54:11.917004+00', NULL, false, 0),
  ('58ed6729-5e94-4101-8f8b-352111c53ff7', NULL, 'PAYABLE', 'Umsatz aus Leistung nicht steuerbar', 'UST Leis. n.sb.', true, false, 'AT', '2020-11-24 13:54:11.917004+00', '2020-11-24 13:54:11.917004+00', NULL, false, 0),
  ('2d369849-9b49-455f-a734-3b55987cab16', NULL, 'PAYABLE', 'innergemeinschaftliche Lieferung', 'igL', true, true, 'AT', '2020-11-24 13:54:11.917004+00', '2020-11-24 13:54:11.917004+00', NULL, false, 0),
  ('4e143f18-bc16-48c1-bf1d-1e1609fbbadc', NULL, 'PAYABLE', 'innergemeinschaftliche Lieferung', 'igL', true, true, 'DE', '2020-11-24 13:54:11.917004+00', '2020-11-24 13:54:11.917004+00', NULL, false, 0),
  ('610eda2e-4dce-46cf-81af-4d38cfe1db1e', NULL, 'PAYABLE', 'Reverse Charge Ausgang', 'RC UST', true, true, 'AT', '2020-11-24 13:54:11.917004+00', '2020-11-24 13:54:11.917004+00', NULL, false, 0),
  ('d053ec47-27d1-4d92-b484-596e33789f3a', NULL, 'PAYABLE', 'Reverse Charge Ausgang', 'U RC', true, true, 'DE', '2020-11-24 13:54:11.917004+00', '2020-11-24 13:54:11.917004+00', NULL, false, 0),
  ('0d99d941-245c-4b25-823b-2f499c38ce11', NULL, 'PAYABLE', 'Nicht steuerbare Umsätze §19/1', 'RC 19/1', true, true, 'AT', '2020-11-24 13:54:11.917004+00', '2020-11-24 13:54:11.917004+00', NULL, false, 0),
  ('5be0fc7d-9285-472e-90b6-99a154631a14', NULL, 'PAYABLE', 'Umsatz RC Bauleistung', 'U RC 19/1a', true, true, 'AT', '2020-11-24 13:54:11.917004+00', '2020-11-24 13:54:11.917004+00', NULL, false, 0),
  ('457f3613-c08c-46c5-a448-ba9641c00ce7', NULL, 'PAYABLE', 'Umsätze §19/1a', 'U RC 13/2 Nr.4', true, true, 'DE', '2020-11-24 13:54:11.917004+00', '2020-11-24 13:54:11.917004+00', NULL, false, 0),
  ('806e79ea-cd47-4aa6-a435-8e4f538fbc6e', NULL, 'PAYABLE', 'Umsatz RC Sicherungsübereignung', 'U RC 19/1b', true, true, 'AT', '2020-11-24 13:54:11.917004+00', '2020-11-24 13:54:11.917004+00', NULL, false, 0),
  ('f93c27f5-30d1-470c-a313-5bab130144b6', NULL, 'PAYABLE', 'Umsatz RC Sicherungsübereignung', 'U RC 13/2 Nr.2', true, true, 'DE', '2020-11-24 13:54:11.917004+00', '2020-11-24 13:54:11.917004+00', NULL, false, 0),
  ('ba427baf-72a7-4cae-8b40-84ac5ff0e276', NULL, 'PAYABLE', 'Umsatz RC Gas & Elektrizität', 'U RC 19/1c', true, true, 'AT', '2020-11-24 13:54:11.917004+00', '2020-11-24 13:54:11.917004+00', NULL, false, 0),
  ('580a446c-f4bb-4816-883c-e09b7678ded6', NULL, 'PAYABLE', 'Umsatz RC Gas & Elektrizität', 'U RC 13/2 Nr.5', true, true, 'DE', '2020-11-24 13:54:11.917004+00', '2020-11-24 13:54:11.917004+00', NULL, false, 0),
  ('ef7d3c27-dfb9-4f00-a55d-a3f020c41e97', NULL, 'PAYABLE', 'Umsatz RC Schrott & Altmetall', 'U RC 19/1d Schrott', true, true, 'AT', '2020-11-24 13:54:11.917004+00', '2020-11-24 13:54:11.917004+00', NULL, false, 0),
  ('c097991b-9cb2-4a1c-80f8-f59941c8d50c', NULL, 'PAYABLE', 'Umsatz RC Schrott & Altmetall', 'U RC 13/2 Nr.7', true, true, 'DE', '2020-11-24 13:54:11.917004+00', '2020-11-24 13:54:11.917004+00', NULL, false, 0),
  ('63df9fdd-34eb-4854-81de-d944f72bb5a8', NULL, 'PAYABLE', 'Umsatz RC Treibhausgas & Mobilfunk', 'U RC 19/1e', true, true, 'AT', '2020-11-24 13:54:11.917004+00', '2020-11-24 13:54:11.917004+00', NULL, false, 0),
  ('2eae60ea-c50c-44fb-9842-7da0cb826c45', NULL, 'PAYABLE', 'Umsatz RC Treibhausgas & Mobilfunk', 'U RC 13/2 Nr.6', true, true, 'DE', '2020-11-24 13:54:11.917004+00', '2020-11-24 13:54:11.917004+00', NULL, false, 0),
  ('fdc77ded-af73-4602-903e-e9f11195cf47', NULL, 'PAYABLE', 'Umsatz RC Mobilfunk', 'U RC 13/2 Nr. 10', true, true, 'DE', '2020-11-24 13:54:11.917004+00', '2020-11-24 13:54:11.917004+00', NULL, false, 0),
  ('8cbc9d18-5b44-4ce9-89bd-fce4c6781349', NULL, 'PAYABLE', 'Elektronische Dienstleistungen - MOSS', 'MOSS', true, false, 'AT', '2020-11-24 13:54:11.917004+00', '2020-11-24 13:54:11.917004+00', NULL, false, 0),
  ('21e132b9-6345-4821-875b-9630b1cfab52', NULL, 'PAYABLE', 'Elektronische Dienstleistungen - MOSS', 'MOSS', true, false, 'DE', '2020-11-24 13:54:11.917004+00', '2020-11-24 13:54:11.917004+00', NULL, false, 0),
  ('b46b1b19-82d2-4d25-b777-b202bb6d13b3', NULL, 'RECLAIMABLE', 'Einfuhrumsatzsteuer', 'EUST', false, false, 'AT', '2020-11-24 13:54:11.917004+00', '2020-11-24 13:54:11.917004+00', NULL, false, 0),
  ('6c1dd50c-1b62-4fc6-981d-05bca682589e', NULL, 'RECLAIMABLE', 'Einfuhrumsatzsteuer', 'EUST', false, false, 'DE', '2020-11-24 13:54:11.917004+00', '2020-11-24 13:54:11.917004+00', NULL, false, 0),
  ('b510fee8-b2a4-48c5-b0b5-1e8310dbaeb8', NULL, 'RECLAIMABLE', 'Einfuhrumsatzsteuer auf Abgabenkonto', 'EUST AK', false, false, 'AT', '2020-11-24 13:54:11.917004+00', '2020-11-24 13:54:11.917004+00', NULL, false, 0),
  ('3226c276-45ca-4af7-a262-df3e03969748', NULL, 'RECLAIMABLE', 'Einfuhrumsatzsteuer gesch. §12/1 Z 2 lit. B', 'UST §12 l.sb.', false, false, 'AT', '2020-11-24 13:54:11.917004+00', '2020-11-24 13:54:11.917004+00', NULL, false, 0),
  ('52eb0ebd-f5bf-490b-a495-f1d9279cefbb', NULL, 'RECLAIMABLE', 'Dreiecksgeschäft (2er)', 'VST DEG2', true, true, 'AT', '2020-11-24 13:54:11.917004+00', '2020-11-24 13:54:11.917004+00', NULL, false, 0),
  ('9809d4d0-d2d0-47e0-b342-b6b65ff75582', NULL, 'RECLAIMABLE', 'Dreiecksgeschäft (3er)', 'VST DEG3', true, true, 'AT', '2020-11-24 13:54:11.917004+00', '2020-11-24 13:54:11.917004+00', NULL, false, 0),
  ('43136e14-4334-4ee8-bfe1-080634e631de', NULL, 'RECLAIMABLE', 'Aufwand nicht steuerbar', 'VST n.sb.', false, false, 'AT', '2020-11-24 13:54:11.917004+00', '2020-11-24 13:54:11.917004+00', NULL, false, 0),
  ('fe87a34f-ec45-4c96-bbca-8154385b4cb7', NULL, 'RECLAIMABLE', 'innergemeinschaftlicher Erwerb', 'igE', true, true, 'AT', '2020-11-24 13:54:11.917004+00', '2020-11-24 13:54:11.917004+00', NULL, false, 80),
  ('1f927787-1504-4981-b0e0-f2c9f1358632', NULL, 'RECLAIMABLE', 'innergemeinschaftlicher Erwerb', 'igE', true, true, 'DE', '2020-11-24 13:54:11.917004+00', '2020-11-24 13:54:11.917004+00', NULL, false, 80),
  ('adeefcff-5e8c-474c-8747-44b0a548ed56', NULL, 'RECLAIMABLE', 'innergemeinschaftlicher Erwerb neuer Fahrzeuge', 'igE KFZ', true, true, 'AT', '2020-11-24 13:54:11.917004+00', '2020-11-24 13:54:11.917004+00', NULL, false, 0),
  ('03b9a185-391d-4ddc-adc6-a38867cc25c2', NULL, 'RECLAIMABLE', 'innergemeinschaftlicher Erwerb neuer Fahrzeuge', 'igE KFZ', true, true, 'DE', '2020-11-24 13:54:11.917004+00', '2020-11-24 13:54:11.917004+00', NULL, false, 0),
  ('dd8487dc-81e6-4654-bac5-a085d25c7d0b', NULL, 'RECLAIMABLE', 'Reverse Charge Eingang', 'A RC', true, true, 'AT', '2020-11-24 13:54:11.917004+00', '2020-11-24 13:54:11.917004+00', NULL, false, 90),
  ('3bc29b8a-daed-497a-aca0-3d4f855a50c5', NULL, 'RECLAIMABLE', 'Reverse Charge Eingang', 'A RC 13/2 Nr.1', true, true, 'DE', '2020-11-24 13:54:11.917004+00', '2020-11-24 13:54:11.917004+00', NULL, false, 0),
  ('e77d686e-92f2-4c96-a5c1-b7c912327e90', NULL, 'RECLAIMABLE', 'Aufwand RC Bauleistung', 'A RC 19/1a', true, true, 'AT', '2020-11-24 13:54:11.917004+00', '2020-11-24 13:54:11.917004+00', NULL, false, 0),
  ('f9232dc3-aa25-496e-b2c8-36c56f409dc8', NULL, 'RECLAIMABLE', 'Aufwand RC Bauleistung', 'A RC 13/2 Nr.4', true, true, 'DE', '2020-11-24 13:54:11.917004+00', '2020-11-24 13:54:11.917004+00', NULL, false, 0),
  ('43ba7dd9-789c-4b6a-9f06-9c3aa5032965', NULL, 'RECLAIMABLE', 'RC KFZ §19/1', 'A RC KFZ', true, true, 'AT', '2020-11-24 13:54:11.917004+00', '2020-11-24 13:54:11.917004+00', NULL, false, 0),
  ('2b158ebf-f347-4da8-beb0-fe2b4dbe7769', NULL, 'RECLAIMABLE', 'RC Gebäude §19/1', 'A RC Gebäude', true, true, 'AT', '2020-11-24 13:54:11.917004+00', '2020-11-24 13:54:11.917004+00', NULL, false, 0),
  ('c619ebed-7503-4ce7-a023-3eefd0cd2ecb', NULL, 'RECLAIMABLE', 'RC Gebäude §19/1', 'A RC 13/2 Nr. 8', true, true, 'DE', '2020-11-24 13:54:11.917004+00', '2020-11-24 13:54:11.917004+00', NULL, false, 0),
  ('aa3ea0e0-1ff4-4c13-b580-afc45eb9cc7c', NULL, 'RECLAIMABLE', 'Aufwand RC Sicherungsübereignung', 'A RC 19/1b', true, true, 'AT', '2020-11-24 13:54:11.917004+00', '2020-11-24 13:54:11.917004+00', NULL, false, 0),
  ('adacca37-9747-43fe-ac0f-2b802e2e2e94', NULL, 'RECLAIMABLE', 'Aufwand RC Sicherungsübereignung', 'A RC 13/2 Nr.2', true, true, 'DE', '2020-11-24 13:54:11.917004+00', '2020-11-24 13:54:11.917004+00', NULL, false, 0),
  ('1fcc6bb6-d26a-4082-bf92-0c22bf1bd15f', NULL, 'RECLAIMABLE', 'Aufwand RC Gas & Elektrizität', 'A RC 19/1c', true, true, 'AT', '2020-11-24 13:54:11.917004+00', '2020-11-24 13:54:11.917004+00', NULL, false, 0),
  ('c4ea90af-cc95-4400-9db3-bf5a5a24e78e', NULL, 'RECLAIMABLE', 'Aufwand RC Gas & Elektrizität', 'A RC 13/2 Nr.5', true, true, 'DE', '2020-11-24 13:54:11.917004+00', '2020-11-24 13:54:11.917004+00', NULL, false, 0),
  ('191f43f9-812d-44d6-9ac4-f820153fdf62', NULL, 'RECLAIMABLE', 'RC KFZ §19/1c', 'RC 19/1c KFZ', true, true, 'AT', '2020-11-24 13:54:11.917004+00', '2020-11-24 13:54:11.917004+00', NULL, false, 0),
  ('aad1ef4b-7a7f-424f-90ec-c290da6bb2d4', NULL, 'RECLAIMABLE', 'RC Gebäude §19/1c', 'RC 19/1c Gebäude', true, true, 'AT', '2020-11-24 13:54:11.917004+00', '2020-11-24 13:54:11.917004+00', NULL, false, 0),
  ('7108da6d-0dd9-4925-8de2-ce2c57c1801e', NULL, 'RECLAIMABLE', 'Aufwand RC Schrott & Altmetall', 'A RC 19/1d Schrott', true, true, 'AT', '2020-11-24 13:54:11.917004+00', '2020-11-24 13:54:11.917004+00', NULL, false, 0),
  ('90425b2c-35a2-42bc-867c-6eaf17730241', NULL, 'RECLAIMABLE', 'Aufwand RC Schrott & Altmetall', 'A RC 13/2 Nr.7', true, true, 'DE', '2020-11-24 13:54:11.917004+00', '2020-11-24 13:54:11.917004+00', NULL, false, 0),
  ('a071f63a-f8a4-4d6e-956e-4ad62ed6bcff', NULL, 'RECLAIMABLE', 'Aufwand RC Treibhausgasemissionszertifikate', 'A RC 19/1e', true, true, 'AT', '2020-11-24 13:54:11.917004+00', '2020-11-24 13:54:11.917004+00', NULL, false, 0),
  ('4fa1d190-9afc-400f-b121-cbbfbfbaf714', NULL, 'RECLAIMABLE', 'Aufwand RC Treibhausgasemissionszertifikate', 'A RC 13/2 Nr.6', true, true, 'DE', '2020-11-24 13:54:11.917004+00', '2020-11-24 13:54:11.917004+00', NULL, false, 0),
  ('9eda4779-98c1-478b-b3d8-a93954c8cba1', NULL, 'RECLAIMABLE', 'Aufwand RC Mobilfunk', 'A RC 13/2 Nr. 10', true, true, 'DE', '2020-11-24 13:54:11.917004+00', '2020-11-24 13:54:11.917004+00', NULL, false, 0),
  ('36dd5d36-d03b-43ec-8780-33ec0c49e52c', NULL, 'RECLAIMABLE', 'RC KFZ §19/1e', 'RC 19/1e KFZ', true, true, 'AT', '2020-11-24 13:54:11.917004+00', '2020-11-24 13:54:11.917004+00', NULL, false, 0),
  ('e6ca804a-3896-467a-9f1a-31cc6b4f71ce', NULL, 'RECLAIMABLE', 'RC Gebäude §19/1e', 'RC 19/1e Gebäude', true, true, 'AT', '2020-11-24 13:54:11.917004+00', '2020-11-24 13:54:11.917004+00', NULL, false, 0),
  ('c9515810-78e5-4401-a55b-da76431a829d', NULL, 'RECLAIMABLE', 'Aufwand sonstige Leistungen EU', 'A SL EU', true, true, 'AT', '2020-11-24 13:54:11.917004+00', '2020-11-24 13:54:11.917004+00', NULL, false, 70),
  ('728089ae-8066-4eed-8a18-dfc4333fc84d', NULL, 'RECLAIMABLE', 'Aufwand sonstige Leistungen EU', 'A SL EU', true, true, 'DE', '2020-11-24 13:54:11.917004+00', '2020-11-24 13:54:11.917004+00', NULL, false, 70),
  ('b5d08278-858f-42fa-9616-3270d4ad81da', NULL, 'RECLAIMABLE', 'Andere Steuersätze', 'OTHER', true, false, 'DE', '2020-11-24 13:54:11.917004+00', '2020-11-24 13:54:11.917004+00', NULL, false, 0),
  ('b529d0e3-3e03-4d50-90eb-d4eaf3adbd47', NULL, 'RECLAIMABLE', 'Individueller Steuerschlüssel - 54', 'Ind54', true, false, 'DE', '2024-08-28 00:00:00+00', '2024-08-28 00:00:00+00', '2024-08-28', false, 0),
  ('3b1b9530-837c-49c8-893b-ce39bbd0011c', NULL, 'RECLAIMABLE', 'Umsatzsteuer Eingangsrechnungen', 'U-S-T_ER', false, false, 'AT', '2024-10-22 12:45:32.772668+00', '2024-10-22 12:45:32.772668+00', NULL, false, 0),
  ('89d65c43-8c33-4bca-b1f9-968c5f824a68', NULL, 'RECLAIMABLE', 'Umsatzsteuer Eingangsrechnungen', 'U-S-T_ER', false, false, 'DE', '2024-10-22 12:45:32.772668+00', '2024-10-22 12:45:32.772668+00', NULL, false, 0),
  ('9cb03290-1830-41b5-a02f-580d60afb5b0', NULL, 'RECLAIMABLE', 'Aufwand nicht steuerbar', 'VST n.sb.', false, false, 'DE', '2020-11-24 13:54:11.917004+00', '2020-11-24 13:54:11.917004+00', NULL, false, 0),
  ('c0bdf765-274c-4708-86bf-3619438d66ea', NULL, 'RECLAIMABLE', 'Reverse Charge (§13b Abs. 2 + Abs. 5 UStG) (third country)', 'RC_NON_EU', true, true, 'LU', '2023-03-23 14:49:00.668472+00', '2023-03-23 14:49:00.668472+00', NULL, false, 0),
  ('514cf9ce-ac14-41b8-bc3c-85f09454941a', NULL, 'RECLAIMABLE', 'Dreiecksgeschäft (2er)', 'VST DEG2', true, true, 'DE', '2020-11-24 13:54:11.917004+00', '2020-11-24 13:54:11.917004+00', NULL, false, 0),
  ('c457df17-bb1c-4930-9f53-b4b51f2201d0', NULL, 'RECLAIMABLE', 'Value added tax domestic, out of pocket', 'VAT_I_OOP', false, false, 'LU', '2023-03-23 14:49:00.668472+00', '2023-02-22 17:41:26.096681+00', NULL, false, 0),
  ('1722e2e7-5df9-4e4a-828e-33ce39aad399', NULL, 'RECLAIMABLE', 'Reverse Charge (§13b Abs. 2 UStG) EU', 'RC_EU', true, true, 'LU', '2023-03-23 14:49:00.668472+00', '2023-02-22 17:41:26.096681+00', NULL, false, 0),
  ('8aa33aee-786b-4b0f-a980-d08f3e91356d', NULL, 'RECLAIMABLE', 'intra-community acquisition (§1a Abs. 2 UStG) EU', 'IGE', true, true, 'LU', '2023-03-23 14:49:00.668472+00', '2023-02-22 17:41:26.096681+00', NULL, false, 0),
  ('1de69fc3-4b00-4730-9c5b-399201e26d77', NULL, 'RECLAIMABLE', 'out of pocket (EU)', 'OOP_EU', true, true, 'LU', '2023-03-23 14:49:00.668472+00', '2023-02-22 17:41:26.096681+00', NULL, false, 0),
  ('30119daa-85fc-42b1-81e2-524967452c31', NULL, 'RECLAIMABLE', 'import sales tax (third country)', 'EINF-UST', true, true, 'LU', '2023-03-23 14:49:00.668472+00', '2023-02-22 17:41:26.096681+00', NULL, false, 0),
  ('fafd2d46-d601-465f-b000-bbdbbfc05af7', NULL, 'RECLAIMABLE', 'out of pocket (third country)', 'OOP_NON-EU', true, true, 'LU', '2023-03-23 14:49:00.668472+00', '2023-02-22 17:41:26.096681+00', NULL, false, 0),
  ('a02656e8-fc2a-429d-9cec-330e5737db6d', NULL, 'RECLAIMABLE', 'Dreiecksgeschäft (3er)', 'VST DEG3', true, true, 'DE', '2020-11-24 13:54:11.917004+00', '2020-11-24 13:54:11.917004+00', NULL, false, 0),
  ('09d34346-aed2-4c42-a50e-a966cc50f3c3', NULL, 'RECLAIMABLE', 'Einfuhrumsatzsteuer auf Abgabenkonto', 'EUST AK', false, false, 'DE', '2020-11-24 13:54:11.917004+00', '2020-11-24 13:54:11.917004+00', NULL, false, 0),
  ('c7264732-ca32-4dab-8868-68bc622da31e', NULL, 'RECLAIMABLE', 'Einfuhrumsatzsteuer gesch. §12/1 Z 2 lit. B', 'UST §12 l.sb.', false, false, 'DE', '2020-11-24 13:54:11.917004+00', '2020-11-24 13:54:11.917004+00', NULL, false, 0),
  ('81f24a7d-5d98-40ce-86bc-23140aab9963', NULL, 'PAYABLE', 'Kleinunternehmer', 'UST KU', true, false, 'DE', '2020-11-24 13:54:11.917004+00', '2020-11-24 13:54:11.917004+00', NULL, false, 0),
  ('e3dd17a7-a17f-4505-8f65-5ee2f56fdb52', NULL, 'PAYABLE', 'Nicht steuerbare Umsätze §19/1', 'RC 19/1', true, true, 'DE', '2020-11-24 13:54:11.917004+00', '2020-11-24 13:54:11.917004+00', NULL, false, 0),
  ('b9ff4369-562e-4273-80e4-7fada148a1f6', NULL, 'PAYABLE', 'Personenbeförderung', 'UST Pers', false, false, 'DE', '2020-11-24 13:54:11.917004+00', '2020-11-24 13:54:11.917004+00', NULL, false, 0),
  ('93f9ed79-0e8e-4ae4-bc9f-8c56ba296fc7', NULL, 'RECLAIMABLE', 'RC Gebäude §19/1c', 'RC 19/1c Gebäude', true, true, 'DE', '2020-11-24 13:54:11.917004+00', '2020-11-24 13:54:11.917004+00', NULL, false, 0),
  ('8d9b62e3-9b3c-4ec6-8489-1fbbd1c6d392', NULL, 'RECLAIMABLE', 'RC Gebäude §19/1e', 'RC 19/1e Gebäude', true, true, 'DE', '2020-11-24 13:54:11.917004+00', '2020-11-24 13:54:11.917004+00', NULL, false, 0),
  ('0866f8fa-0916-4628-9f56-93e8c57ebd17', NULL, 'RECLAIMABLE', 'Value added tax domestic, Service', 'VAT_I_S', false, false, 'LU', '2023-05-22 12:17:19.774796+00', '2023-02-22 17:41:26.096681+00', NULL, false, 0),
  ('2b7e9bd3-904b-4ecb-9e79-148c8ed01e4f', NULL, 'RECLAIMABLE', 'RC KFZ §19/1', 'A RC KFZ', true, true, 'DE', '2020-11-24 13:54:11.917004+00', '2020-11-24 13:54:11.917004+00', NULL, false, 0),
  ('bfebbcd9-9b97-4eb8-b81a-4ef48dcc9404', NULL, 'RECLAIMABLE', 'Value added tax domestic, Acquisition', 'VAT_I_E', false, false, 'LU', '2023-06-26 10:18:57.928996+00', '2023-05-22 12:17:19.774796+00', NULL, false, 0),
  ('57c66127-10c4-4692-9655-ee560c7d8c3d', NULL, 'RECLAIMABLE', 'Individueller Steuerschlüssel - 50', 'Ind50', true, false, 'DE', '2024-06-12 00:00:00+00', '2024-06-12 00:00:00+00', NULL, false, 0),
  ('20a59299-20d2-4ff5-8b73-7b42c0b43aae', NULL, 'RECLAIMABLE', 'RC KFZ §19/1c', 'RC 19/1c KFZ', true, true, 'DE', '2020-11-24 13:54:11.917004+00', '2020-11-24 13:54:11.917004+00', NULL, false, 0),
  ('8726f56e-93eb-45f1-9af8-932ed61caa5a', NULL, 'RECLAIMABLE', 'RC KFZ §19/1e', 'RC 19/1e KFZ', true, true, 'DE', '2020-11-24 13:54:11.917004+00', '2020-11-24 13:54:11.917004+00', NULL, false, 0),
  ('f9ba9f86-8d4f-447a-a9f9-406bf64467a7', NULL, 'PAYABLE', 'Umsatz aus Leistung nicht steuerbar', 'UST Leis. n.sb.', true, false, 'DE', '2020-11-24 13:54:11.917004+00', '2020-11-24 13:54:11.917004+00', NULL, false, 0),
  ('03d21eb5-1cf3-4a7c-9ecd-b616e6bc9fcc', NULL, 'PAYABLE', 'Umsatz RC Bauleistung', 'U RC 19/1a', true, true, 'DE', '2020-11-24 13:54:11.917004+00', '2020-11-24 13:54:11.917004+00', NULL, false, 0),
  ('abcf3cb5-f402-4700-bf4e-13e9857e91e3', NULL, 'RECLAIMABLE', 'Individueller Steuerschlüssel - 56', 'Ind56', true, false, 'DE', '2025-01-16 00:00:00+00', '2025-01-16 00:00:00+00', '2025-01-16', false, 0),
  ('dabd0ae9-74f8-485b-aec7-b3461af1318c', NULL, 'PAYABLE', 'Steuerfreie Umsätze §6 Abs. 1 Z 8 lit. i UStG', 'UST §6 Abs. 1 Z 8 lit.', false, false, 'AT', '2025-05-19 00:00:00+00', '2025-05-19 00:00:00+00', '2025-05-19', false, 0),
  ('9d57df0f-fc86-4aca-a044-5f378d9cd1ca', NULL, 'PAYABLE', 'Umsatzsteuer', 'UST', false, false, 'BE', '2025-06-05 15:29:29.287455+00', '2025-06-05 15:29:29.287455+00', NULL, true, 0),
  ('4add016f-6785-4ef8-bb9e-ab4b352c15ac', NULL, 'PAYABLE', 'Umsatzsteuer', 'UST', false, false, 'BG', '2025-06-05 15:29:29.287455+00', '2025-06-05 15:29:29.287455+00', NULL, true, 0),
  ('13dc3af4-616c-4702-ab19-1ce7c30a5adb', NULL, 'PAYABLE', 'Umsatzsteuer', 'UST', false, false, 'DK', '2025-06-05 15:29:29.287455+00', '2025-06-05 15:29:29.287455+00', NULL, true, 0),
  ('3cec9b4d-7523-4c06-86e7-5e14f68a46a8', NULL, 'PAYABLE', 'Umsatzsteuer', 'UST', false, false, 'EE', '2025-06-05 15:29:29.287455+00', '2025-06-05 15:29:29.287455+00', NULL, true, 0),
  ('157e8fd5-2b12-4d51-8ab9-5aeeac7b68e1', NULL, 'PAYABLE', 'Umsatzsteuer', 'UST', false, false, 'FI', '2025-06-05 15:29:29.287455+00', '2025-06-05 15:29:29.287455+00', NULL, true, 0),
  ('75f0b052-277f-4cdf-bfd4-e5f253d3f819', NULL, 'PAYABLE', 'Umsatzsteuer', 'UST', false, false, 'FR', '2025-06-05 15:29:29.287455+00', '2025-06-05 15:29:29.287455+00', NULL, true, 0),
  ('4280f26c-c4ec-4a89-94c3-a64d7f6f06c7', NULL, 'PAYABLE', 'Umsatzsteuer', 'UST', false, false, 'GR', '2025-06-05 15:29:29.287455+00', '2025-06-05 15:29:29.287455+00', NULL, true, 0),
  ('9abe1659-2f2e-4056-bfce-f096177b2c6b', NULL, 'PAYABLE', 'Umsatzsteuer', 'UST', false, false, 'IE', '2025-06-05 15:29:29.287455+00', '2025-06-05 15:29:29.287455+00', NULL, true, 0),
  ('d7b415eb-c243-45b5-bd31-b76cf991fa1b', NULL, 'PAYABLE', 'Umsatzsteuer', 'UST', false, false, 'IT', '2025-06-05 15:29:29.287455+00', '2025-06-05 15:29:29.287455+00', NULL, true, 0),
  ('b5b052b5-b56d-4060-8080-6a975838d586', NULL, 'PAYABLE', 'Umsatzsteuer', 'UST', false, false, 'HR', '2025-06-05 15:29:29.287455+00', '2025-06-05 15:29:29.287455+00', NULL, true, 0),
  ('5b96cca0-09b5-45b9-b07a-4c75bf442424', NULL, 'PAYABLE', 'Umsatzsteuer', 'UST', false, false, 'LV', '2025-06-05 15:29:29.287455+00', '2025-06-05 15:29:29.287455+00', NULL, true, 0),
  ('dba128c1-b13c-46ef-a536-c3c579845af9', NULL, 'PAYABLE', 'Umsatzsteuer', 'UST', false, false, 'LT', '2025-06-05 15:29:29.287455+00', '2025-06-05 15:29:29.287455+00', NULL, true, 0),
  ('5f292aa2-ff78-4611-a489-0e06c0bd9355', NULL, 'PAYABLE', 'Umsatzsteuer', 'UST', false, false, 'LU', '2025-06-05 15:29:29.287455+00', '2025-06-05 15:29:29.287455+00', NULL, true, 0),
  ('a4e54c31-baad-4f9c-b754-d44642cd69d2', NULL, 'PAYABLE', 'Umsatzsteuer', 'UST', false, false, 'MT', '2025-06-05 15:29:29.287455+00', '2025-06-05 15:29:29.287455+00', NULL, true, 0),
  ('4d261e5a-e07b-41b4-b8c2-d4e620467802', NULL, 'PAYABLE', 'Umsatzsteuer', 'UST', false, false, 'NL', '2025-06-05 15:29:29.287455+00', '2025-06-05 15:29:29.287455+00', NULL, true, 0),
  ('a1f5ff9a-853b-4b80-ba45-c315f98ccebd', NULL, 'PAYABLE', 'Umsatzsteuer', 'UST', false, false, 'PL', '2025-06-05 15:29:29.287455+00', '2025-06-05 15:29:29.287455+00', NULL, true, 0),
  ('25911ad9-6e89-4a4f-97d1-b60c3ae177a7', NULL, 'PAYABLE', 'Umsatzsteuer', 'UST', false, false, 'PT', '2025-06-05 15:29:29.287455+00', '2025-06-05 15:29:29.287455+00', NULL, true, 0),
  ('c3a5bdcd-e411-4ff9-8086-ce10fd49db20', NULL, 'PAYABLE', 'Umsatzsteuer', 'UST', false, false, 'RO', '2025-06-05 15:29:29.287455+00', '2025-06-05 15:29:29.287455+00', NULL, true, 0),
  ('60e5fcc8-4697-4555-8a47-b6168a44801a', NULL, 'PAYABLE', 'Umsatzsteuer', 'UST', false, false, 'SE', '2025-06-05 15:29:29.287455+00', '2025-06-05 15:29:29.287455+00', NULL, true, 0),
  ('759d8a1f-d2ee-4296-8496-e643ac2a0adf', NULL, 'PAYABLE', 'Umsatzsteuer', 'UST', false, false, 'SK', '2025-06-05 15:29:29.287455+00', '2025-06-05 15:29:29.287455+00', NULL, true, 0),
  ('e3688cb9-5fa2-4222-b959-c4a8fb90d726', NULL, 'PAYABLE', 'Umsatzsteuer', 'UST', false, false, 'SI', '2025-06-05 15:29:29.287455+00', '2025-06-05 15:29:29.287455+00', NULL, true, 0),
  ('dcaf1747-6ea1-4fb1-968a-203a77113242', NULL, 'PAYABLE', 'Umsatzsteuer', 'UST', false, false, 'ES', '2025-06-05 15:29:29.287455+00', '2025-06-05 15:29:29.287455+00', NULL, true, 0),
  ('e0aa018b-2bc6-4819-8bfe-e90849100727', NULL, 'PAYABLE', 'Umsatzsteuer', 'UST', false, false, 'CZ', '2025-06-05 15:29:29.287455+00', '2025-06-05 15:29:29.287455+00', NULL, true, 0),
  ('ea572e5e-2b91-4eda-ab78-921bef50c5c6', NULL, 'PAYABLE', 'Umsatzsteuer', 'UST', false, false, 'HU', '2025-06-05 15:29:29.287455+00', '2025-06-05 15:29:29.287455+00', NULL, true, 0),
  ('b30991af-0472-463b-880a-b7a2c744b281', NULL, 'PAYABLE', 'Umsatzsteuer', 'UST', false, false, 'CY', '2025-06-05 15:29:29.287455+00', '2025-06-05 15:29:29.287455+00', NULL, true, 0),
  ('52475137-cb50-403e-bc31-3cf3ae079129', NULL, 'PAYABLE', 'Umsatzsteuer', 'UST', false, false, 'AT', '2020-11-24 13:54:11.917004+00', '2020-11-24 13:54:11.917004+00', NULL, true, 0),
  ('268bea24-0add-4213-a70c-3010f10e4ec9', NULL, 'PAYABLE', 'Umsatzsteuer', 'UST', false, false, 'DE', '2020-11-24 13:54:11.917004+00', '2020-11-24 13:54:11.917004+00', NULL, true, 0),
  ('66e9bce0-55aa-45a6-b388-03f885772cff', NULL, 'RECLAIMABLE', 'Vorsteuer', 'VST', false, false, 'AT', '2020-11-24 13:54:11.917004+00', '2020-11-24 13:54:11.917004+00', NULL, true, 100),
  ('649927ac-81c8-4680-89f2-0a3033f19546', NULL, 'RECLAIMABLE', 'Vorsteuer', 'VST', false, false, 'DE', '2020-11-24 13:54:11.917004+00', '2020-11-24 13:54:11.917004+00', NULL, true, 100),
  ('85f33480-8a43-4b9b-a754-0c4f204cb55e', NULL, 'RECLAIMABLE', 'Vorsteuer mit anteiligem Vorsteuerabzug', 'VST anteilig', false, false, 'DE', '2025-07-24 09:43:38.155182+00', '2025-07-24 09:43:38.155182+00', NULL, false, 200);


--
-- Data for Name: value_added_tax_percentage; Type: TABLE DATA; Schema: public; Owner: postgres
--

INSERT INTO public.value_added_tax_percentage (id, value_added_tax_id, expired_at, percentage, created_at) VALUES
  ('a6482f5f-8391-4a1f-9fa4-368ae1c6a785', '52475137-cb50-403e-bc31-3cf3ae079129', NULL, 5, '2020-11-24 13:54:11.917004+00'),
  ('bfa4a097-b6a7-4203-b8ee-872bd1f9600d', '52475137-cb50-403e-bc31-3cf3ae079129', NULL, 10, '2020-11-24 13:54:11.917004+00'),
  ('0f9ec62c-b4ae-47b1-a553-3169b36ddc18', '52475137-cb50-403e-bc31-3cf3ae079129', NULL, 13, '2020-11-24 13:54:11.917004+00'),
  ('2d919a0a-368b-4582-9047-dac1bb3d9fac', '52475137-cb50-403e-bc31-3cf3ae079129', NULL, 20, '2020-11-24 13:54:11.917004+00'),
  ('79f4dd94-1c7d-47aa-a661-5957c36320f4', '268bea24-0add-4213-a70c-3010f10e4ec9', NULL, 5, '2020-11-24 13:54:11.917004+00'),
  ('00e222f4-a3e2-4780-9f70-edb09dc9d705', '268bea24-0add-4213-a70c-3010f10e4ec9', NULL, 7, '2020-11-24 13:54:11.917004+00'),
  ('f1c781d4-1666-4b26-8cbb-ea9ea11d6bb9', '268bea24-0add-4213-a70c-3010f10e4ec9', NULL, 16, '2020-11-24 13:54:11.917004+00'),
  ('6f13f42b-8708-4fa9-a3be-6caa6ed3a77a', '268bea24-0add-4213-a70c-3010f10e4ec9', NULL, 19, '2020-11-24 13:54:11.917004+00'),
  ('3da801b3-d90d-4281-b55d-cc41b9642876', 'a989609c-21db-4ef1-bf0d-231d45461e80', NULL, 20, '2020-11-24 13:54:11.917004+00'),
  ('78f31165-8426-441f-9249-2f91172e5b61', '66e9bce0-55aa-45a6-b388-03f885772cff', NULL, 5, '2020-11-24 13:54:11.917004+00'),
  ('7634e886-ffde-41d0-9d61-c02cf4c667ea', '66e9bce0-55aa-45a6-b388-03f885772cff', NULL, 10, '2020-11-24 13:54:11.917004+00'),
  ('3034f7db-1ae6-4090-8b35-563410883b69', '66e9bce0-55aa-45a6-b388-03f885772cff', NULL, 13, '2020-11-24 13:54:11.917004+00'),
  ('577810be-95b7-410b-9589-daa34c192a0e', '66e9bce0-55aa-45a6-b388-03f885772cff', NULL, 20, '2020-11-24 13:54:11.917004+00'),
  ('819727d6-ee76-47b0-a0ff-cb7aa8c2f29e', '649927ac-81c8-4680-89f2-0a3033f19546', NULL, 5, '2020-11-24 13:54:11.917004+00'),
  ('00e084f6-a852-48e9-91d1-c7738524cb80', '649927ac-81c8-4680-89f2-0a3033f19546', NULL, 7, '2020-11-24 13:54:11.917004+00'),
  ('10ee5f80-78bc-4090-932c-6daccbd37cb0', '649927ac-81c8-4680-89f2-0a3033f19546', NULL, 16, '2020-11-24 13:54:11.917004+00'),
  ('09047331-e649-4f4d-a92e-ef52da04c301', '649927ac-81c8-4680-89f2-0a3033f19546', NULL, 19, '2020-11-24 13:54:11.917004+00'),
  ('1c0bbadb-c7e1-46f1-a33f-2781d14549cc', 'b46b1b19-82d2-4d25-b777-b202bb6d13b3', NULL, 5, '2020-11-24 13:54:11.917004+00'),
  ('6196576f-8a54-4a1c-bfd0-200e56c81cc3', 'b46b1b19-82d2-4d25-b777-b202bb6d13b3', NULL, 10, '2020-11-24 13:54:11.917004+00'),
  ('9106c6f6-2962-4764-9e5e-337e49ed412d', 'b46b1b19-82d2-4d25-b777-b202bb6d13b3', NULL, 13, '2020-11-24 13:54:11.917004+00'),
  ('c1eead78-a652-4a1b-8b11-b729ec99f327', 'b46b1b19-82d2-4d25-b777-b202bb6d13b3', NULL, 20, '2020-11-24 13:54:11.917004+00'),
  ('9c05cb7a-930f-4388-aef2-1c576828cf58', '6c1dd50c-1b62-4fc6-981d-05bca682589e', NULL, 5, '2020-11-24 13:54:11.917004+00'),
  ('1b3a0f4c-3aae-42b8-b874-1bec1cddcdf3', '6c1dd50c-1b62-4fc6-981d-05bca682589e', NULL, 7, '2020-11-24 13:54:11.917004+00'),
  ('ab495a0f-ac48-4ee9-8b06-f835d8797ffc', '6c1dd50c-1b62-4fc6-981d-05bca682589e', NULL, 16, '2020-11-24 13:54:11.917004+00'),
  ('8d53ff57-8356-4383-a53d-f0f297ffb424', '6c1dd50c-1b62-4fc6-981d-05bca682589e', NULL, 19, '2020-11-24 13:54:11.917004+00'),
  ('fa083be2-2df4-4b11-bf0d-7d53dc4d2646', 'b510fee8-b2a4-48c5-b0b5-1e8310dbaeb8', NULL, 5, '2020-11-24 13:54:11.917004+00'),
  ('7e71ecd2-6a65-4f82-8a97-d5f2a47c8b94', 'b510fee8-b2a4-48c5-b0b5-1e8310dbaeb8', NULL, 10, '2020-11-24 13:54:11.917004+00'),
  ('f6431add-f6aa-45b6-848e-53cd4bf952aa', 'b510fee8-b2a4-48c5-b0b5-1e8310dbaeb8', NULL, 13, '2020-11-24 13:54:11.917004+00'),
  ('d23d28be-7fe7-441e-a643-705240c72065', 'b510fee8-b2a4-48c5-b0b5-1e8310dbaeb8', NULL, 20, '2020-11-24 13:54:11.917004+00'),
  ('42a5acff-ebf2-435a-a441-1cccb533db61', '3226c276-45ca-4af7-a262-df3e03969748', NULL, 5, '2020-11-24 13:54:11.917004+00'),
  ('8c3dd49b-2af5-4ab6-8c31-d44be25ed307', '3226c276-45ca-4af7-a262-df3e03969748', NULL, 10, '2020-11-24 13:54:11.917004+00'),
  ('b635f8af-dad9-41fb-a565-3549e5c50139', '3226c276-45ca-4af7-a262-df3e03969748', NULL, 13, '2020-11-24 13:54:11.917004+00'),
  ('19426e6b-0f43-40ce-ba53-5a72b5219e59', '3226c276-45ca-4af7-a262-df3e03969748', NULL, 20, '2020-11-24 13:54:11.917004+00'),
  ('0ef96e00-8aaf-4e13-ab53-e807b16d4a4c', '52eb0ebd-f5bf-490b-a495-f1d9279cefbb', NULL, 5, '2020-11-24 13:54:11.917004+00'),
  ('d8249f2b-4abc-492a-ae7a-3c3ea4d270cb', '52eb0ebd-f5bf-490b-a495-f1d9279cefbb', NULL, 10, '2020-11-24 13:54:11.917004+00'),
  ('5e74a464-9693-4e66-96d2-37699fa82d50', '52eb0ebd-f5bf-490b-a495-f1d9279cefbb', NULL, 13, '2020-11-24 13:54:11.917004+00'),
  ('24302466-4855-4171-b43f-1d49c6d1d8ed', '52eb0ebd-f5bf-490b-a495-f1d9279cefbb', NULL, 20, '2020-11-24 13:54:11.917004+00'),
  ('74b89898-a064-4b21-854e-92dea96ce7b8', '9809d4d0-d2d0-47e0-b342-b6b65ff75582', NULL, 5, '2020-11-24 13:54:11.917004+00'),
  ('38c129e8-c516-401b-8217-6b9c501c0bd2', '9809d4d0-d2d0-47e0-b342-b6b65ff75582', NULL, 10, '2020-11-24 13:54:11.917004+00'),
  ('724d2fdc-76b5-4471-a4c8-36db05f9526d', '9809d4d0-d2d0-47e0-b342-b6b65ff75582', NULL, 13, '2020-11-24 13:54:11.917004+00'),
  ('0a9d6bf6-c97e-42b6-85ff-06147502436b', '9809d4d0-d2d0-47e0-b342-b6b65ff75582', NULL, 20, '2020-11-24 13:54:11.917004+00'),
  ('02fa9936-d3b6-4642-802e-79e4b1ba7ad4', 'fe87a34f-ec45-4c96-bbca-8154385b4cb7', NULL, 5, '2020-11-24 13:54:11.917004+00'),
  ('09c89d00-3d3a-4f6f-b2c9-01c3c9d6f4f0', 'fe87a34f-ec45-4c96-bbca-8154385b4cb7', NULL, 10, '2020-11-24 13:54:11.917004+00'),
  ('6d3ce997-ecc3-4995-b3dc-63ee25e3fadd', 'fe87a34f-ec45-4c96-bbca-8154385b4cb7', NULL, 13, '2020-11-24 13:54:11.917004+00'),
  ('c8a8d3f7-d464-4af3-952a-7a3539156a80', 'fe87a34f-ec45-4c96-bbca-8154385b4cb7', NULL, 20, '2020-11-24 13:54:11.917004+00'),
  ('7f40dae2-5657-4f88-b164-e242fcdf1c71', '1f927787-1504-4981-b0e0-f2c9f1358632', NULL, 5, '2020-11-24 13:54:11.917004+00'),
  ('ba319d6d-760a-4989-8838-4b6393bcfcc8', '1f927787-1504-4981-b0e0-f2c9f1358632', NULL, 7, '2020-11-24 13:54:11.917004+00'),
  ('b8b7a171-7b58-46b5-a942-30fe5cdb7675', '1f927787-1504-4981-b0e0-f2c9f1358632', NULL, 16, '2020-11-24 13:54:11.917004+00'),
  ('aac9cec1-f80d-44e2-9d74-4ee448013762', '1f927787-1504-4981-b0e0-f2c9f1358632', NULL, 19, '2020-11-24 13:54:11.917004+00'),
  ('5f37bf7a-beb4-4586-9abd-6ff986df195b', 'adeefcff-5e8c-474c-8747-44b0a548ed56', NULL, 20, '2020-11-24 13:54:11.917004+00'),
  ('84e2ed4a-543f-489a-b45b-4ddbaec319c7', '03b9a185-391d-4ddc-adc6-a38867cc25c2', NULL, 16, '2020-11-24 13:54:11.917004+00'),
  ('dfaed99a-d54b-421b-bbb4-7de3c546b1ba', '03b9a185-391d-4ddc-adc6-a38867cc25c2', NULL, 19, '2020-11-24 13:54:11.917004+00'),
  ('6c0f2abc-44ef-479f-8b9b-170bfbc8d06f', 'dd8487dc-81e6-4654-bac5-a085d25c7d0b', NULL, 20, '2020-11-24 13:54:11.917004+00'),
  ('1d9a53f5-dafd-4e19-ab90-8a61ee5d5f40', '3bc29b8a-daed-497a-aca0-3d4f855a50c5', NULL, 16, '2020-11-24 13:54:11.917004+00'),
  ('387e3c3f-5106-4a4f-aebc-16d6e32e7a43', '3bc29b8a-daed-497a-aca0-3d4f855a50c5', NULL, 19, '2020-11-24 13:54:11.917004+00'),
  ('c3e22b0f-28ab-4b40-8573-529fbf92f4ec', 'e77d686e-92f2-4c96-a5c1-b7c912327e90', NULL, 20, '2020-11-24 13:54:11.917004+00'),
  ('9547735b-c55b-4f3d-b631-0b127f716747', 'f9232dc3-aa25-496e-b2c8-36c56f409dc8', NULL, 16, '2020-11-24 13:54:11.917004+00'),
  ('0682147c-d0a4-4666-91be-9f5c398cf5fb', 'f9232dc3-aa25-496e-b2c8-36c56f409dc8', NULL, 19, '2020-11-24 13:54:11.917004+00'),
  ('44cbdc7f-e87d-4ff8-bcc4-6e8e2c053d80', '43ba7dd9-789c-4b6a-9f06-9c3aa5032965', NULL, 20, '2020-11-24 13:54:11.917004+00'),
  ('9d2d396c-c010-44b2-9d8e-ad8de107b20b', '2b158ebf-f347-4da8-beb0-fe2b4dbe7769', NULL, 20, '2020-11-24 13:54:11.917004+00'),
  ('af93ae6b-bd66-4527-893b-e555efdcc776', 'c619ebed-7503-4ce7-a023-3eefd0cd2ecb', NULL, 16, '2020-11-24 13:54:11.917004+00'),
  ('f6c2d0aa-26ba-43e2-a938-dc5150ab31b3', 'c619ebed-7503-4ce7-a023-3eefd0cd2ecb', NULL, 19, '2020-11-24 13:54:11.917004+00'),
  ('e11e1d8e-60ed-4a41-98ae-74146201c878', 'aa3ea0e0-1ff4-4c13-b580-afc45eb9cc7c', NULL, 20, '2020-11-24 13:54:11.917004+00'),
  ('7264f173-bff2-4e36-944d-f6c23f6d400a', 'adacca37-9747-43fe-ac0f-2b802e2e2e94', NULL, 16, '2020-11-24 13:54:11.917004+00'),
  ('dcad8361-6c7f-4b85-abb9-54cf3194bb42', 'adacca37-9747-43fe-ac0f-2b802e2e2e94', NULL, 19, '2020-11-24 13:54:11.917004+00'),
  ('ff976248-5482-45df-8e83-26c3a57ff0e6', '1fcc6bb6-d26a-4082-bf92-0c22bf1bd15f', NULL, 20, '2020-11-24 13:54:11.917004+00'),
  ('d69f707e-32eb-4a3d-8f15-bc122e0778e8', 'c4ea90af-cc95-4400-9db3-bf5a5a24e78e', NULL, 16, '2020-11-24 13:54:11.917004+00'),
  ('fb86736c-efd1-4948-ab48-02bff60ea32b', 'c4ea90af-cc95-4400-9db3-bf5a5a24e78e', NULL, 19, '2020-11-24 13:54:11.917004+00'),
  ('16c04e52-0dd3-4de1-b549-40e956e57b28', '191f43f9-812d-44d6-9ac4-f820153fdf62', NULL, 20, '2020-11-24 13:54:11.917004+00'),
  ('50010999-af6b-4b6f-b8de-ec06097bbcef', 'aad1ef4b-7a7f-424f-90ec-c290da6bb2d4', NULL, 20, '2020-11-24 13:54:11.917004+00'),
  ('ed264575-4a73-4b05-b2c3-a2b06d25c6ce', '7108da6d-0dd9-4925-8de2-ce2c57c1801e', NULL, 20, '2020-11-24 13:54:11.917004+00'),
  ('af869a1c-029a-4a10-b1ec-fec0276e0ad6', '90425b2c-35a2-42bc-867c-6eaf17730241', NULL, 16, '2020-11-24 13:54:11.917004+00'),
  ('d3d0b309-9e1f-41f5-8720-05e7b630698b', '90425b2c-35a2-42bc-867c-6eaf17730241', NULL, 19, '2020-11-24 13:54:11.917004+00'),
  ('691fccd9-a613-479a-9928-7934583d04be', 'a071f63a-f8a4-4d6e-956e-4ad62ed6bcff', NULL, 20, '2020-11-24 13:54:11.917004+00'),
  ('395b8743-25e3-4d97-ab1a-3f767aa65345', '4fa1d190-9afc-400f-b121-cbbfbfbaf714', NULL, 16, '2020-11-24 13:54:11.917004+00'),
  ('88b7a89a-8cf3-42a7-bbd2-1a4139ddbb26', '4fa1d190-9afc-400f-b121-cbbfbfbaf714', NULL, 19, '2020-11-24 13:54:11.917004+00'),
  ('48f70454-a7e5-4d34-9f1d-1993341f96b9', '9eda4779-98c1-478b-b3d8-a93954c8cba1', NULL, 16, '2020-11-24 13:54:11.917004+00'),
  ('3e04bf23-83e7-4321-a2d5-5e94d47d3fca', '9eda4779-98c1-478b-b3d8-a93954c8cba1', NULL, 19, '2020-11-24 13:54:11.917004+00'),
  ('e79e9440-fe03-4e67-a6d2-05bbb7b506b7', '36dd5d36-d03b-43ec-8780-33ec0c49e52c', NULL, 20, '2020-11-24 13:54:11.917004+00'),
  ('486b5ad1-a1b5-4d48-8130-221732926a4d', 'e6ca804a-3896-467a-9f1a-31cc6b4f71ce', NULL, 20, '2020-11-24 13:54:11.917004+00'),
  ('4cafd337-6bf6-49e7-a665-7aa1dc6a2c8c', 'c9515810-78e5-4401-a55b-da76431a829d', NULL, 20, '2020-11-24 13:54:11.917004+00'),
  ('7c9ee633-2842-47a2-9bbf-58114fa5a052', '728089ae-8066-4eed-8a18-dfc4333fc84d', NULL, 16, '2020-11-24 13:54:11.917004+00'),
  ('8901eb27-4763-40b7-b587-abf5bcf7583b', '728089ae-8066-4eed-8a18-dfc4333fc84d', NULL, 19, '2020-11-24 13:54:11.917004+00'),
  ('0e27d248-08a9-48a1-81eb-e1252f14753c', '0866f8fa-0916-4628-9f56-93e8c57ebd17', NULL, 3, '2023-02-22 17:41:26.096681+00'),
  ('0fb81db0-25a1-4a82-97f5-f930a6bddcc8', '0866f8fa-0916-4628-9f56-93e8c57ebd17', NULL, 7, '2023-02-22 17:41:26.096681+00'),
  ('f49e758b-63a7-4d66-952d-ed70c7ad2dc5', '0866f8fa-0916-4628-9f56-93e8c57ebd17', NULL, 8, '2023-02-22 17:41:26.096681+00'),
  ('7c4fc1fe-2b42-4ee6-93e7-50da3c626f96', '0866f8fa-0916-4628-9f56-93e8c57ebd17', NULL, 13, '2023-02-22 17:41:26.096681+00'),
  ('67dd5071-ff89-4173-964b-55c1aa7892c7', '0866f8fa-0916-4628-9f56-93e8c57ebd17', NULL, 14, '2023-02-22 17:41:26.096681+00'),
  ('a9a00459-002d-4285-94c0-f4d01e6165b0', '0866f8fa-0916-4628-9f56-93e8c57ebd17', NULL, 16, '2023-02-22 17:41:26.096681+00'),
  ('808ec296-caf0-4e55-98c5-92f1a4782081', '0866f8fa-0916-4628-9f56-93e8c57ebd17', NULL, 17, '2023-02-22 17:41:26.096681+00'),
  ('e9f54cf8-080e-41d7-a75a-e5ca2bbcc690', '9d57df0f-fc86-4aca-a044-5f378d9cd1ca', NULL, 21, '2025-06-05 15:29:29.287455+00'),
  ('f0dfeb41-2990-46cb-ae1b-0dbea442362b', '9d57df0f-fc86-4aca-a044-5f378d9cd1ca', NULL, 12, '2025-06-05 15:29:29.287455+00'),
  ('85ee9664-9c54-465f-87de-fbe75416091d', '9d57df0f-fc86-4aca-a044-5f378d9cd1ca', NULL, 6, '2025-06-05 15:29:29.287455+00'),
  ('39e817b5-7fad-4b6a-8788-22aac788ac01', '4add016f-6785-4ef8-bb9e-ab4b352c15ac', NULL, 20, '2025-06-05 15:29:29.287455+00'),
  ('0139bdb9-1547-491f-80f5-6cfbec5f1324', '4add016f-6785-4ef8-bb9e-ab4b352c15ac', NULL, 9, '2025-06-05 15:29:29.287455+00'),
  ('879915a6-7a8b-4a3a-b2a5-257b46f44695', 'c457df17-bb1c-4930-9f53-b4b51f2201d0', NULL, 16, '2023-02-22 17:41:26.096681+00'),
  ('dc1bdfd7-59dc-43b4-b222-0c8de58c253e', 'c457df17-bb1c-4930-9f53-b4b51f2201d0', NULL, 17, '2023-02-22 17:41:26.096681+00'),
  ('cefd4751-c5d3-4e7e-83ac-16991b4250f6', '1722e2e7-5df9-4e4a-828e-33ce39aad399', NULL, 3, '2023-02-22 17:41:26.096681+00'),
  ('38edd480-63a7-4d96-9588-64899b4520a1', '1722e2e7-5df9-4e4a-828e-33ce39aad399', NULL, 7, '2023-02-22 17:41:26.096681+00'),
  ('814e9200-2174-4253-b546-cd60b9ca0afc', '1722e2e7-5df9-4e4a-828e-33ce39aad399', NULL, 8, '2023-02-22 17:41:26.096681+00'),
  ('440a7ea5-3f0d-49b5-8dd7-5b7541f62c99', '1722e2e7-5df9-4e4a-828e-33ce39aad399', NULL, 13, '2023-02-22 17:41:26.096681+00'),
  ('7f4308e1-3552-4a06-9729-106f41c57437', '1722e2e7-5df9-4e4a-828e-33ce39aad399', NULL, 14, '2023-02-22 17:41:26.096681+00'),
  ('08ea0782-ba99-4f8c-a8f6-2005ec6c2817', '1722e2e7-5df9-4e4a-828e-33ce39aad399', NULL, 16, '2023-02-22 17:41:26.096681+00'),
  ('5513e673-8639-4f05-9803-ddd8bd1cdb8b', '1722e2e7-5df9-4e4a-828e-33ce39aad399', NULL, 17, '2023-02-22 17:41:26.096681+00'),
  ('5a61f035-9d11-4873-a9e5-e2277bb0163b', '8aa33aee-786b-4b0f-a980-d08f3e91356d', NULL, 3, '2023-02-22 17:41:26.096681+00'),
  ('f5ec69b0-8468-403a-a7d1-a3f69797aa75', '8aa33aee-786b-4b0f-a980-d08f3e91356d', NULL, 7, '2023-02-22 17:41:26.096681+00'),
  ('16b3d060-90c9-4001-b1cd-ab0bfb017676', '8aa33aee-786b-4b0f-a980-d08f3e91356d', NULL, 8, '2023-02-22 17:41:26.096681+00'),
  ('52586c3f-6570-4056-8e68-2a3095cfcc2a', '8aa33aee-786b-4b0f-a980-d08f3e91356d', NULL, 13, '2023-02-22 17:41:26.096681+00'),
  ('eccda77c-b5bc-45da-8275-33fe9ccb00de', '8aa33aee-786b-4b0f-a980-d08f3e91356d', NULL, 14, '2023-02-22 17:41:26.096681+00'),
  ('a5cc2416-fdb9-4ccb-9b48-d3618f8460a6', '8aa33aee-786b-4b0f-a980-d08f3e91356d', NULL, 16, '2023-02-22 17:41:26.096681+00'),
  ('3731596c-e616-41cb-a093-b37374a717be', '8aa33aee-786b-4b0f-a980-d08f3e91356d', NULL, 17, '2023-02-22 17:41:26.096681+00'),
  ('6791aece-21e2-44a5-9e33-90da6c82209f', '1de69fc3-4b00-4730-9c5b-399201e26d77', NULL, 3, '2023-02-22 17:41:26.096681+00'),
  ('2b125cc5-b4f2-4357-b54b-a204c7fcb6b1', '1de69fc3-4b00-4730-9c5b-399201e26d77', NULL, 7, '2023-02-22 17:41:26.096681+00'),
  ('fa1db21c-7690-4fa0-9405-b054125b71a3', '1de69fc3-4b00-4730-9c5b-399201e26d77', NULL, 8, '2023-02-22 17:41:26.096681+00'),
  ('ccda0186-8089-4165-8366-68d953bdb7de', '1de69fc3-4b00-4730-9c5b-399201e26d77', NULL, 13, '2023-02-22 17:41:26.096681+00'),
  ('5d3035a5-f012-4f42-834c-75097ad4eb60', '1de69fc3-4b00-4730-9c5b-399201e26d77', NULL, 14, '2023-02-22 17:41:26.096681+00'),
  ('ba177218-677a-4ad3-8d66-39115660bd39', '1de69fc3-4b00-4730-9c5b-399201e26d77', NULL, 16, '2023-02-22 17:41:26.096681+00'),
  ('df3314c5-3039-4827-a751-41f5196fa3dc', '1de69fc3-4b00-4730-9c5b-399201e26d77', NULL, 17, '2023-02-22 17:41:26.096681+00'),
  ('605cee08-e5ee-42a6-b379-fe4966e83579', '30119daa-85fc-42b1-81e2-524967452c31', NULL, 3, '2023-02-22 17:41:26.096681+00'),
  ('b3c08970-0d73-4603-b86d-7498a96a4af3', '30119daa-85fc-42b1-81e2-524967452c31', NULL, 7, '2023-02-22 17:41:26.096681+00'),
  ('3cf005ee-bdb3-4e35-bf09-55977a89df0f', '30119daa-85fc-42b1-81e2-524967452c31', NULL, 8, '2023-02-22 17:41:26.096681+00'),
  ('960e6dce-0a95-4510-ae6a-1229fb967673', '30119daa-85fc-42b1-81e2-524967452c31', NULL, 13, '2023-02-22 17:41:26.096681+00'),
  ('6e9e0cf6-1dac-455a-be52-e4f3c4d04a92', '30119daa-85fc-42b1-81e2-524967452c31', NULL, 14, '2023-02-22 17:41:26.096681+00'),
  ('1881287e-05ed-4091-9a7b-fe2e6ee35273', '30119daa-85fc-42b1-81e2-524967452c31', NULL, 16, '2023-02-22 17:41:26.096681+00'),
  ('3fff695f-a985-4232-a15f-ec14fcb3d8dd', '30119daa-85fc-42b1-81e2-524967452c31', NULL, 17, '2023-02-22 17:41:26.096681+00'),
  ('8c90ee6c-741b-4fed-8294-0b1cd514f998', '13dc3af4-616c-4702-ab19-1ce7c30a5adb', NULL, 25, '2025-06-05 15:29:29.287455+00'),
  ('b65e70ea-475e-40d7-8a45-574a5e5929e6', '3cec9b4d-7523-4c06-86e7-5e14f68a46a8', NULL, 22, '2025-06-05 15:29:29.287455+00'),
  ('a3088493-60e1-4137-9f35-fe88ea7d5bf5', '3cec9b4d-7523-4c06-86e7-5e14f68a46a8', NULL, 13, '2025-06-05 15:29:29.287455+00'),
  ('0245e14e-a79f-4e63-9716-9b2da0ebeb83', '3cec9b4d-7523-4c06-86e7-5e14f68a46a8', NULL, 9, '2025-06-05 15:29:29.287455+00'),
  ('c65b4575-ac50-417e-a709-79813e199e3d', '157e8fd5-2b12-4d51-8ab9-5aeeac7b68e1', NULL, 25.5, '2025-06-05 15:29:29.287455+00'),
  ('8dcff01d-a6dd-4be2-b1ae-3f4dad49b674', 'fafd2d46-d601-465f-b000-bbdbbfc05af7', NULL, 16, '2023-02-22 17:41:26.096681+00'),
  ('bb4377a0-e021-4ef1-9930-41933fc720cd', 'fafd2d46-d601-465f-b000-bbdbbfc05af7', NULL, 17, '2023-02-22 17:41:26.096681+00'),
  ('44d4c75a-b368-4ebb-ba81-6594cb4407e5', '3b1b9530-837c-49c8-893b-ce39bbd0011c', NULL, 5, '2024-10-22 12:45:32.772668+00'),
  ('44d27169-05b7-4c14-8168-0a9b3c83f768', '3b1b9530-837c-49c8-893b-ce39bbd0011c', NULL, 10, '2024-10-22 12:45:32.772668+00'),
  ('6404059a-9457-4f23-9f9e-b1262d6e23b0', '3b1b9530-837c-49c8-893b-ce39bbd0011c', NULL, 13, '2024-10-22 12:45:32.772668+00'),
  ('ec24ee0b-2f91-4e23-88a3-1dcf424ef227', '3b1b9530-837c-49c8-893b-ce39bbd0011c', NULL, 20, '2024-10-22 12:45:32.772668+00'),
  ('3fdf62a6-f005-42b8-8f54-3da5553acc3e', '89d65c43-8c33-4bca-b1f9-968c5f824a68', NULL, 5, '2024-10-22 12:45:32.772668+00'),
  ('571d435f-ae0d-49af-8f3a-081cb8eeb638', '89d65c43-8c33-4bca-b1f9-968c5f824a68', NULL, 7, '2024-10-22 12:45:32.772668+00'),
  ('217df0ff-39cb-4c5c-9177-0cebe6aab8f5', '89d65c43-8c33-4bca-b1f9-968c5f824a68', NULL, 16, '2024-10-22 12:45:32.772668+00'),
  ('6badf8d9-8cfd-4163-be94-4a9e415fda57', 'c0bdf765-274c-4708-86bf-3619438d66ea', NULL, 3, '2023-03-23 14:49:00.668472+00'),
  ('b5752125-95a1-4719-81a4-b0b55d60882d', 'c0bdf765-274c-4708-86bf-3619438d66ea', NULL, 7, '2023-03-23 14:49:00.668472+00'),
  ('209755ec-eee3-4730-a143-fc200dbcecfb', 'c0bdf765-274c-4708-86bf-3619438d66ea', NULL, 8, '2023-03-23 14:49:00.668472+00'),
  ('7e444148-c423-4859-b304-2e5f06d29707', 'c0bdf765-274c-4708-86bf-3619438d66ea', NULL, 13, '2023-03-23 14:49:00.668472+00'),
  ('ccfd8492-1342-4d3c-88bc-57c5b05115fb', 'c0bdf765-274c-4708-86bf-3619438d66ea', NULL, 14, '2023-03-23 14:49:00.668472+00'),
  ('30f14a69-0f6e-4862-a246-4c0bd89b124d', 'c0bdf765-274c-4708-86bf-3619438d66ea', NULL, 16, '2023-03-23 14:49:00.668472+00'),
  ('dea6d77a-ee2c-4348-86d5-39440831dc8f', 'c0bdf765-274c-4708-86bf-3619438d66ea', NULL, 17, '2023-03-23 14:49:00.668472+00'),
  ('a63b53fb-aa93-4ae5-9346-7ea301d4ecb0', '0866f8fa-0916-4628-9f56-93e8c57ebd17', NULL, 0, '2023-03-31 11:31:01.07324+00'),
  ('390dd95b-e222-47b1-9a49-e643ea234bf3', '1722e2e7-5df9-4e4a-828e-33ce39aad399', NULL, 0, '2023-03-31 11:31:01.07324+00'),
  ('6b04f4c6-578b-4c38-a542-8bad252716e3', 'c0bdf765-274c-4708-86bf-3619438d66ea', NULL, 0, '2023-03-31 11:31:01.07324+00'),
  ('91256442-13bb-4c07-9785-19c47a7682fd', '8aa33aee-786b-4b0f-a980-d08f3e91356d', NULL, 0, '2023-03-31 11:31:01.07324+00'),
  ('b32c1cda-d012-4c52-b933-357776ee786b', '1de69fc3-4b00-4730-9c5b-399201e26d77', NULL, 0, '2023-03-31 11:31:01.07324+00'),
  ('024f430a-fada-42a4-8255-7c4d90e05f1f', '30119daa-85fc-42b1-81e2-524967452c31', NULL, 0, '2023-03-31 11:31:01.07324+00'),
  ('22f561b8-d379-4b72-a6f0-0ec60c8a8efd', 'bfebbcd9-9b97-4eb8-b81a-4ef48dcc9404', NULL, 0, '2023-05-22 12:17:19.774796+00'),
  ('407a33bc-25e2-40be-b4d1-1883c1c56982', 'bfebbcd9-9b97-4eb8-b81a-4ef48dcc9404', NULL, 3, '2023-05-22 12:17:19.774796+00'),
  ('349b6e88-586c-4f74-a2a1-dae8f742892a', 'bfebbcd9-9b97-4eb8-b81a-4ef48dcc9404', NULL, 7, '2023-05-22 12:17:19.774796+00'),
  ('6db80951-2db9-428d-b2fd-6cf298ee4378', 'bfebbcd9-9b97-4eb8-b81a-4ef48dcc9404', NULL, 8, '2023-05-22 12:17:19.774796+00'),
  ('1620e37d-dceb-4a18-a2df-170e9ec2c256', 'bfebbcd9-9b97-4eb8-b81a-4ef48dcc9404', NULL, 13, '2023-05-22 12:17:19.774796+00'),
  ('3f1d1b1c-169e-4250-9f6a-c560f8e32687', 'bfebbcd9-9b97-4eb8-b81a-4ef48dcc9404', NULL, 14, '2023-05-22 12:17:19.774796+00'),
  ('12d8edee-e82c-4f9f-a37c-a3f46ca94c34', 'bfebbcd9-9b97-4eb8-b81a-4ef48dcc9404', NULL, 16, '2023-05-22 12:17:19.774796+00'),
  ('f6062d24-558e-44c6-8d8b-326d3f3ec19c', 'bfebbcd9-9b97-4eb8-b81a-4ef48dcc9404', NULL, 17, '2023-05-22 12:17:19.774796+00'),
  ('dafe315f-c64b-4660-bd2f-fa3b54a44ba1', '89d65c43-8c33-4bca-b1f9-968c5f824a68', NULL, 19, '2024-10-22 12:45:32.772668+00'),
  ('257745ce-f978-4c17-8982-8532f90ff352', 'a02656e8-fc2a-429d-9cec-330e5737db6d', NULL, 7, '2020-11-24 13:54:11.917004+00'),
  ('44bb5d95-b425-42c1-a1d2-8ad13363ffcb', 'a02656e8-fc2a-429d-9cec-330e5737db6d', NULL, 19, '2020-11-24 13:54:11.917004+00'),
  ('04810e7b-6906-4ba4-88af-262963d5c9b3', '09d34346-aed2-4c42-a50e-a966cc50f3c3', NULL, 7, '2020-11-24 13:54:11.917004+00'),
  ('ad6dbf9a-af98-4993-acf0-9772909736e8', '09d34346-aed2-4c42-a50e-a966cc50f3c3', NULL, 19, '2020-11-24 13:54:11.917004+00'),
  ('50691fe6-bd28-4950-90a6-a2b3712d28a3', 'c7264732-ca32-4dab-8868-68bc622da31e', NULL, 7, '2020-11-24 13:54:11.917004+00'),
  ('97ea0668-dac4-4a72-87b5-85b88329cf1b', 'c7264732-ca32-4dab-8868-68bc622da31e', NULL, 19, '2020-11-24 13:54:11.917004+00'),
  ('630089a2-0142-4aa9-9eb5-e3cac9f1b43a', 'b9ff4369-562e-4273-80e4-7fada148a1f6', NULL, 19, '2020-11-24 13:54:11.917004+00'),
  ('fa7b62f7-f918-474c-88d0-1c757e6db578', '93f9ed79-0e8e-4ae4-bc9f-8c56ba296fc7', NULL, 19, '2020-11-24 13:54:11.917004+00'),
  ('65e4c859-fb13-4e53-94f5-40682bf5a073', '8d9b62e3-9b3c-4ec6-8489-1fbbd1c6d392', NULL, 19, '2020-11-24 13:54:11.917004+00'),
  ('3d338020-aa30-4a13-8800-e365fb1229b1', '2b7e9bd3-904b-4ecb-9e79-148c8ed01e4f', NULL, 19, '2020-11-24 13:54:11.917004+00'),
  ('90d848a8-4e43-4b86-ae53-8fa9426185f1', '20a59299-20d2-4ff5-8b73-7b42c0b43aae', NULL, 19, '2020-11-24 13:54:11.917004+00'),
  ('5cbaca26-c057-4c80-8a49-141f5ea007f2', '8726f56e-93eb-45f1-9af8-932ed61caa5a', NULL, 19, '2020-11-24 13:54:11.917004+00'),
  ('689f30b3-dfe8-4207-8b60-499f56eeb422', '157e8fd5-2b12-4d51-8ab9-5aeeac7b68e1', NULL, 14, '2025-06-05 15:29:29.287455+00'),
  ('7045d6f5-16f9-4552-95b1-df2c4937c59e', '157e8fd5-2b12-4d51-8ab9-5aeeac7b68e1', NULL, 10, '2025-06-05 15:29:29.287455+00'),
  ('be821bee-560d-4f52-9b65-7b09b52d385f', '75f0b052-277f-4cdf-bfd4-e5f253d3f819', NULL, 20, '2025-06-05 15:29:29.287455+00'),
  ('fbbeda79-4550-4b13-8a5c-1a39996eeae2', '75f0b052-277f-4cdf-bfd4-e5f253d3f819', NULL, 10, '2025-06-05 15:29:29.287455+00'),
  ('d7eebea1-0afd-4ea9-8dc2-fc5d9dc9b237', '75f0b052-277f-4cdf-bfd4-e5f253d3f819', NULL, 5.5, '2025-06-05 15:29:29.287455+00'),
  ('97ae8da6-1f4e-4c03-8671-f9a7a3b9b7d9', '4280f26c-c4ec-4a89-94c3-a64d7f6f06c7', NULL, 24, '2025-06-05 15:29:29.287455+00'),
  ('48000811-4b92-4746-a142-2c8c790e77ca', '4280f26c-c4ec-4a89-94c3-a64d7f6f06c7', NULL, 13, '2025-06-05 15:29:29.287455+00'),
  ('ac8ef008-af83-4516-bd09-cee8522d2311', '4280f26c-c4ec-4a89-94c3-a64d7f6f06c7', NULL, 6, '2025-06-05 15:29:29.287455+00'),
  ('97f5907a-16c0-473b-aea4-72177ba31f8b', '9abe1659-2f2e-4056-bfce-f096177b2c6b', NULL, 23, '2025-06-05 15:29:29.287455+00'),
  ('f4f89346-7474-4ed2-a1e3-b78144f5e93d', '9abe1659-2f2e-4056-bfce-f096177b2c6b', NULL, 13.5, '2025-06-05 15:29:29.287455+00'),
  ('7e453db5-b7e3-49b8-a57d-4c181824fdb8', '9abe1659-2f2e-4056-bfce-f096177b2c6b', NULL, 9, '2025-06-05 15:29:29.287455+00'),
  ('1db140a0-ac41-4fb3-aad3-8bd19a81e533', 'd7b415eb-c243-45b5-bd31-b76cf991fa1b', NULL, 22, '2025-06-05 15:29:29.287455+00'),
  ('c8134861-8b47-42e5-9715-2d1c185efa8c', 'd7b415eb-c243-45b5-bd31-b76cf991fa1b', NULL, 10, '2025-06-05 15:29:29.287455+00'),
  ('d38fd3c6-618d-402b-84e1-8538350e2feb', 'd7b415eb-c243-45b5-bd31-b76cf991fa1b', NULL, 5, '2025-06-05 15:29:29.287455+00'),
  ('b408cc2c-f666-4715-8be9-b409bee53cbd', 'b5b052b5-b56d-4060-8080-6a975838d586', NULL, 25, '2025-06-05 15:29:29.287455+00'),
  ('551b1231-38cd-4037-87e3-9a0d4a6e4c11', 'b5b052b5-b56d-4060-8080-6a975838d586', NULL, 13, '2025-06-05 15:29:29.287455+00'),
  ('2d32fb6f-fcaa-4dc9-b103-c228349a2710', 'b5b052b5-b56d-4060-8080-6a975838d586', NULL, 5, '2025-06-05 15:29:29.287455+00'),
  ('a5008360-bce3-4611-88ff-fe00e4ed63f1', '5b96cca0-09b5-45b9-b07a-4c75bf442424', NULL, 21, '2025-06-05 15:29:29.287455+00'),
  ('45c934f0-1d6f-4c3b-8f76-20a8fc8fd8c5', '5b96cca0-09b5-45b9-b07a-4c75bf442424', NULL, 12, '2025-06-05 15:29:29.287455+00'),
  ('146ae9b6-c389-4ee7-b799-0cf801a51a82', '5b96cca0-09b5-45b9-b07a-4c75bf442424', NULL, 5, '2025-06-05 15:29:29.287455+00'),
  ('9b65dde0-d818-419e-8189-c3d2681c439f', 'dba128c1-b13c-46ef-a536-c3c579845af9', NULL, 21, '2025-06-05 15:29:29.287455+00'),
  ('5e5c56b4-9f09-46ee-b5d0-d6224b3b4d3a', 'dba128c1-b13c-46ef-a536-c3c579845af9', NULL, 9, '2025-06-05 15:29:29.287455+00'),
  ('9f4a4cb4-e893-445e-ad9e-7f3e0ebc038f', 'dba128c1-b13c-46ef-a536-c3c579845af9', NULL, 5, '2025-06-05 15:29:29.287455+00'),
  ('03e812ba-2583-4b65-95bb-d8dc1aa8d378', '5f292aa2-ff78-4611-a489-0e06c0bd9355', NULL, 17, '2025-06-05 15:29:29.287455+00'),
  ('d648e56c-5355-4f32-8508-4fbf5ae151c0', '5f292aa2-ff78-4611-a489-0e06c0bd9355', NULL, 14, '2025-06-05 15:29:29.287455+00'),
  ('d728d6f5-37fb-4cac-8a0d-894c47327cc0', '5f292aa2-ff78-4611-a489-0e06c0bd9355', NULL, 8, '2025-06-05 15:29:29.287455+00'),
  ('faa089ea-4dec-4e47-9439-923bb5791c85', 'a4e54c31-baad-4f9c-b754-d44642cd69d2', NULL, 18, '2025-06-05 15:29:29.287455+00'),
  ('5919efb8-de52-41cd-8874-a8d02874fb59', 'a4e54c31-baad-4f9c-b754-d44642cd69d2', NULL, 7, '2025-06-05 15:29:29.287455+00'),
  ('e534fa2a-ffa6-4b17-959e-8fe755fd8ff9', 'a4e54c31-baad-4f9c-b754-d44642cd69d2', NULL, 5, '2025-06-05 15:29:29.287455+00'),
  ('33971a81-98ee-43f8-a71f-6365f73370f4', '4d261e5a-e07b-41b4-b8c2-d4e620467802', NULL, 21, '2025-06-05 15:29:29.287455+00'),
  ('f1af58f4-f930-4105-8b85-be3eb551b5ee', '4d261e5a-e07b-41b4-b8c2-d4e620467802', NULL, 9, '2025-06-05 15:29:29.287455+00'),
  ('a077852d-87f2-49f4-b6eb-b43069c04c27', 'a1f5ff9a-853b-4b80-ba45-c315f98ccebd', NULL, 23, '2025-06-05 15:29:29.287455+00'),
  ('35a06f49-3e70-42de-90bd-718a796d722e', 'a1f5ff9a-853b-4b80-ba45-c315f98ccebd', NULL, 8, '2025-06-05 15:29:29.287455+00'),
  ('a7b1c67d-3d7a-480e-b028-3801bb83807c', 'a1f5ff9a-853b-4b80-ba45-c315f98ccebd', NULL, 5, '2025-06-05 15:29:29.287455+00'),
  ('41a697a7-0b17-4764-ac11-102611a373d7', '25911ad9-6e89-4a4f-97d1-b60c3ae177a7', NULL, 23, '2025-06-05 15:29:29.287455+00'),
  ('021a8844-391f-472e-ac15-a7fa2b4430bf', '25911ad9-6e89-4a4f-97d1-b60c3ae177a7', NULL, 13, '2025-06-05 15:29:29.287455+00'),
  ('ec7fac15-2505-4047-836c-8fdabf8aa157', '25911ad9-6e89-4a4f-97d1-b60c3ae177a7', NULL, 6, '2025-06-05 15:29:29.287455+00'),
  ('7f5f456f-415b-4b00-b02d-56379903caf7', 'c3a5bdcd-e411-4ff9-8086-ce10fd49db20', NULL, 19, '2025-06-05 15:29:29.287455+00'),
  ('09f717bc-1954-4a4e-ab42-0f29c7ffbf72', 'c3a5bdcd-e411-4ff9-8086-ce10fd49db20', NULL, 9, '2025-06-05 15:29:29.287455+00'),
  ('0d94a94f-c0f6-49bd-916d-71ffbafbcb77', 'c3a5bdcd-e411-4ff9-8086-ce10fd49db20', NULL, 5, '2025-06-05 15:29:29.287455+00'),
  ('a08659b9-dece-4b1b-ae44-4e86468b540b', '60e5fcc8-4697-4555-8a47-b6168a44801a', NULL, 25, '2025-06-05 15:29:29.287455+00'),
  ('70caf1d4-c8ca-4ef1-8ed1-b39d64b47218', '60e5fcc8-4697-4555-8a47-b6168a44801a', NULL, 12, '2025-06-05 15:29:29.287455+00'),
  ('abfe1715-3c7c-4de5-a1d7-4c964ac7f1d6', '60e5fcc8-4697-4555-8a47-b6168a44801a', NULL, 6, '2025-06-05 15:29:29.287455+00'),
  ('a15543c6-d59a-45ca-878e-8fdc77ae24bd', '759d8a1f-d2ee-4296-8496-e643ac2a0adf', NULL, 23, '2025-06-05 15:29:29.287455+00'),
  ('489b2309-e567-42b6-8f26-80156205e3d8', '759d8a1f-d2ee-4296-8496-e643ac2a0adf', NULL, 19, '2025-06-05 15:29:29.287455+00'),
  ('1cc9a1d4-cf61-41a4-b9bb-88dc955235b2', '759d8a1f-d2ee-4296-8496-e643ac2a0adf', NULL, 5, '2025-06-05 15:29:29.287455+00'),
  ('745b5f0b-184f-408a-92e3-837122386f5f', 'e3688cb9-5fa2-4222-b959-c4a8fb90d726', NULL, 22, '2025-06-05 15:29:29.287455+00'),
  ('6eb9a6d7-203a-4f4a-ab6c-589c82950dfb', 'e3688cb9-5fa2-4222-b959-c4a8fb90d726', NULL, 9.5, '2025-06-05 15:29:29.287455+00'),
  ('aef3a4a3-04ca-4c2a-a1b2-105d1e2aab7f', 'e3688cb9-5fa2-4222-b959-c4a8fb90d726', NULL, 5, '2025-06-05 15:29:29.287455+00'),
  ('57c60dd0-40eb-4e13-89aa-74f8d81f81bf', 'dcaf1747-6ea1-4fb1-968a-203a77113242', NULL, 21, '2025-06-05 15:29:29.287455+00'),
  ('5be0a34b-a856-4c96-aef0-34ceb280b3c6', 'dcaf1747-6ea1-4fb1-968a-203a77113242', NULL, 4, '2025-06-05 15:29:29.287455+00'),
  ('5f0e0489-b9aa-473f-9408-8d4b7d06bfeb', 'e0aa018b-2bc6-4819-8bfe-e90849100727', NULL, 21, '2025-06-05 15:29:29.287455+00'),
  ('4b801483-324f-4f95-937e-e25edcacb4aa', 'e0aa018b-2bc6-4819-8bfe-e90849100727', NULL, 12, '2025-06-05 15:29:29.287455+00'),
  ('4dcc389d-8702-4f14-9022-9e5612c6238f', 'ea572e5e-2b91-4eda-ab78-921bef50c5c6', NULL, 27, '2025-06-05 15:29:29.287455+00'),
  ('ca7e6da1-2b30-413e-8947-46ee364001d7', 'ea572e5e-2b91-4eda-ab78-921bef50c5c6', NULL, 18, '2025-06-05 15:29:29.287455+00'),
  ('7bf249d4-9c48-4e39-99f2-464176172809', 'ea572e5e-2b91-4eda-ab78-921bef50c5c6', NULL, 5, '2025-06-05 15:29:29.287455+00'),
  ('04d2470f-8d55-4d17-83aa-2bc3b9b504df', 'b30991af-0472-463b-880a-b7a2c744b281', NULL, 19, '2025-06-05 15:29:29.287455+00'),
  ('f0639dc6-2755-4b35-a717-f9a4c8831210', 'b30991af-0472-463b-880a-b7a2c744b281', NULL, 9, '2025-06-05 15:29:29.287455+00'),
  ('4dcfa49a-95ff-4d75-aac1-2eb7f7f5aefc', 'b30991af-0472-463b-880a-b7a2c744b281', NULL, 5, '2025-06-05 15:29:29.287455+00'),
  ('3a3d2c51-0e33-4829-8700-f07e82fa9859', '85f33480-8a43-4b9b-a754-0c4f204cb55e', NULL,  5, '2025-07-24 09:43:38.155182+00'), -- VST anteilig
  ('eadd308f-0e3d-4d3d-ad65-211a82ee0562', '85f33480-8a43-4b9b-a754-0c4f204cb55e', NULL,  7, '2025-07-24 09:43:38.155182+00'), -- VST anteilig
  ('fd8c5747-0ced-4c87-a424-d46a9dd2aa39', '85f33480-8a43-4b9b-a754-0c4f204cb55e', NULL, 16, '2025-07-24 09:43:38.155182+00'), -- VST anteilig
  ('8d3bf347-6d57-4d27-872a-b4fab68b8ce8', '85f33480-8a43-4b9b-a754-0c4f204cb55e', NULL, 19, '2025-07-24 09:43:38.155182+00'); -- VST anteilig


--
-- Data for Name: value_added_tax_code; Type: TABLE DATA; Schema: public; Owner: postgres
--

INSERT INTO public.value_added_tax_code (id, value_added_tax_id, accounting_system, reclaimable, client_company_id, code, created_at, value_added_tax_percentage_id) VALUES
  ('a52ecc10-8272-425e-b0f1-af53808f1628', NULL, 'AGENDA', true, NULL, '2', '2024-01-24 00:00:00+00', 'bfa4a097-b6a7-4203-b8ee-872bd1f9600d'),
  ('fdfa858f-545b-4789-8ac2-b434ad4037e3', '52475137-cb50-403e-bc31-3cf3ae079129', 'RZL', true, NULL, '2', '2021-10-19 08:51:15.174677+00', NULL),
  ('cd03fbbd-c7f1-4963-80dc-102b9612d693', NULL, 'DATEV', true, NULL, '2', '2021-02-25 17:19:31.299866+00', 'bfa4a097-b6a7-4203-b8ee-872bd1f9600d'),
  ('95f2deb8-98e3-418e-93c1-7e4a17ff58bf', NULL, 'DATEV', true, NULL, '4', '2021-02-25 17:19:31.299866+00', '0f9ec62c-b4ae-47b1-a553-3169b36ddc18'),
  ('065a8683-7d42-410f-8589-dc345acace6b', NULL, 'DATEV', true, NULL, '3', '2021-02-25 17:19:31.299866+00', '2d919a0a-368b-4582-9047-dac1bb3d9fac'),
  ('ff144180-c2a9-4e57-89ff-e80a111b311a', '52475137-cb50-403e-bc31-3cf3ae079129', 'BMD', true, NULL, '1', '2021-02-25 17:19:31.299866+00', NULL),
  ('e74dca01-7a6d-4422-860d-cda9db95e4ed', '52475137-cb50-403e-bc31-3cf3ae079129', 'DVO', true, NULL, '1', '2021-02-25 17:19:31.299866+00', NULL),
  ('a8cf16fd-07e3-4269-b0ca-cda77f34243b', NULL, 'DATEV', true, NULL, '4', '2021-02-25 17:19:31.299866+00', '79f4dd94-1c7d-47aa-a661-5957c36320f4'),
  ('82a33641-e406-48a3-9fa5-c2a0cd70b575', NULL, 'DATEV', true, NULL, '2', '2021-02-25 17:19:31.299866+00', '00e222f4-a3e2-4780-9f70-edb09dc9d705'),
  ('37056f4d-d9c4-40e1-8dc5-d68536b1b060', NULL, 'DATEV', true, NULL, '5', '2021-02-25 17:19:31.299866+00', 'f1c781d4-1666-4b26-8cbb-ea9ea11d6bb9'),
  ('f402606a-add6-4c2c-af02-3e8f1f1c5d82', NULL, 'DATEV', true, NULL, '3', '2021-02-25 17:19:31.299866+00', '6f13f42b-8708-4fa9-a3be-6caa6ed3a77a'),
  ('e7b2bed3-4b9a-44be-99c5-1ec2e944a6d1', '268bea24-0add-4213-a70c-3010f10e4ec9', 'BMD', true, NULL, '1', '2021-02-25 17:19:31.299866+00', NULL),
  ('ced97f1a-34ce-4599-82f7-3f0c9ede1bfc', '268bea24-0add-4213-a70c-3010f10e4ec9', 'DVO', true, NULL, '1', '2021-02-25 17:19:31.299866+00', NULL),
  ('a03b9175-a0f1-4a35-ac2d-96f6f1fb5b86', '03b3a9fb-12f9-486e-8c2a-0e2fd658f5af', 'BMD', true, NULL, '5', '2021-02-25 17:19:31.299866+00', NULL),
  ('ea17233d-fc88-4c60-8411-2d508344ef6e', '03b3a9fb-12f9-486e-8c2a-0e2fd658f5af', 'DVO', true, NULL, '5', '2021-02-25 17:19:31.299866+00', NULL),
  ('582b2e30-8943-4270-b113-8da7ac0f5583', '03b3a9fb-12f9-486e-8c2a-0e2fd658f5af', 'DATEV', true, NULL, '1', '2021-02-25 17:19:31.299866+00', NULL),
  ('9f12e7f4-390f-466a-ab12-a7d18a665ec4', 'c4bcbd89-532d-45e9-a81f-addb3b170127', 'DATEV', true, NULL, '1', '2021-02-25 17:19:31.299866+00', NULL),
  ('ec0e715b-c2e7-49a4-b268-5936dac1629d', '626772c4-87ee-4d97-9f56-6fb7017753e8', 'BMD', true, NULL, '20', '2021-02-25 17:19:31.299866+00', NULL),
  ('6c09fa10-0d96-4585-a440-4b9dc01f0ac6', '626772c4-87ee-4d97-9f56-6fb7017753e8', 'DVO', true, NULL, '20', '2021-02-25 17:19:31.299866+00', NULL),
  ('6410fd39-914a-4514-ba94-3d90c9f938ef', '626772c4-87ee-4d97-9f56-6fb7017753e8', 'DATEV', true, NULL, '1', '2021-02-25 17:19:31.299866+00', NULL),
  ('1a5c0539-be60-4715-974d-d49386503832', '38872f7e-c741-4bb5-8028-84b8f1c65cad', 'DATEV', true, NULL, '1', '2021-02-25 17:19:31.299866+00', NULL),
  ('a2570bb7-9e0e-46f4-905c-c56e6d0e2ab0', '898cfd35-2c1f-4733-adc7-c934edd3e8a8', 'BMD', true, NULL, '6', '2021-02-25 17:19:31.299866+00', NULL),
  ('c9c0f13d-3974-4d4a-b9a2-11a3800b17b3', '898cfd35-2c1f-4733-adc7-c934edd3e8a8', 'DVO', true, NULL, '6', '2021-02-25 17:19:31.299866+00', NULL),
  ('2224684c-92b8-4626-8c18-bee0c5173ec8', '906f0273-0a92-4ad7-bd0a-12b045307055', 'BMD', true, NULL, '13', '2021-02-25 17:19:31.299866+00', NULL),
  ('7cc196fd-67f7-4910-bb11-fd37d3a26cc0', '906f0273-0a92-4ad7-bd0a-12b045307055', 'DVO', true, NULL, '13', '2021-02-25 17:19:31.299866+00', NULL),
  ('24d7bb96-bdc5-4502-a41a-5ee224c717c1', '906f0273-0a92-4ad7-bd0a-12b045307055', 'DATEV', true, NULL, '1', '2021-02-25 17:19:31.299866+00', NULL),
  ('648c6478-effe-41fa-a782-02c2cfc3d78b', '97fbe0fb-076f-4c27-aa08-e453551e4557', 'DATEV', true, NULL, '1', '2021-02-25 17:19:31.299866+00', NULL),
  ('ea45921f-8616-473e-8b05-fc3e481687f1', 'a989609c-21db-4ef1-bf0d-231d45461e80', 'BMD', true, NULL, '14', '2021-02-25 17:19:31.299866+00', NULL),
  ('26116220-bd44-4575-92b5-90a25be0f20c', 'a989609c-21db-4ef1-bf0d-231d45461e80', 'DVO', true, NULL, '14', '2021-02-25 17:19:31.299866+00', NULL),
  ('0fcdabd0-0d91-4872-b3ee-87ea12996983', '9e55209b-577a-4f36-b737-2c22449fe81e', 'BMD', true, NULL, '15', '2021-02-25 17:19:31.299866+00', NULL),
  ('086346f7-66e4-4354-a4b6-ab087a093570', '9e55209b-577a-4f36-b737-2c22449fe81e', 'DVO', true, NULL, '15', '2021-02-25 17:19:31.299866+00', NULL),
  ('33739a94-d6d5-4ca3-a65d-71cdaf173663', '767f2e92-f97d-43d8-a4d3-e7a80045b4ca', 'BMD', true, NULL, '24', '2021-02-25 17:19:31.299866+00', NULL),
  ('7b689b88-3901-4de9-8759-680644f5da97', '767f2e92-f97d-43d8-a4d3-e7a80045b4ca', 'DVO', true, NULL, '24', '2021-02-25 17:19:31.299866+00', NULL),
  ('ee3235d9-9cdf-48c1-a3cb-a3480ddfe9b2', '373c9d73-ca2e-4653-8521-a0ba0c48811c', 'BMD', false, NULL, '16', '2021-02-25 17:19:31.299866+00', NULL),
  ('6baba3de-4bee-43eb-8163-3b0e85be7e3e', '373c9d73-ca2e-4653-8521-a0ba0c48811c', 'DVO', false, NULL, '16', '2021-02-25 17:19:31.299866+00', NULL),
  ('c6ca7c8a-2469-43a2-834e-cf8709b0ea06', '0718778c-a6b4-4583-adca-046d5931876b', 'BMD', true, NULL, '81', '2021-02-25 17:19:31.299866+00', NULL),
  ('cdf859b2-6fe9-4eea-a419-3700966dc83f', '0718778c-a6b4-4583-adca-046d5931876b', 'DVO', true, NULL, '81', '2021-02-25 17:19:31.299866+00', NULL),
  ('e583a664-3338-4366-bf2b-0b46b98ece8a', 'ec41a564-9337-4c00-be25-824c83c1d209', 'BMD', true, NULL, '81', '2021-02-25 17:19:31.299866+00', NULL),
  ('9dc394ff-b95e-4a8c-8e68-465957a6577b', 'ec41a564-9337-4c00-be25-824c83c1d209', 'DVO', true, NULL, '81', '2021-02-25 17:19:31.299866+00', NULL),
  ('bfb0736a-708f-4398-b045-5380bb3431e6', '58ed6729-5e94-4101-8f8b-352111c53ff7', 'BMD', true, NULL, '82', '2021-02-25 17:19:31.299866+00', NULL),
  ('04198531-f6ac-40e8-a2cc-9356f5f2558a', '58ed6729-5e94-4101-8f8b-352111c53ff7', 'DVO', true, NULL, '82', '2021-02-25 17:19:31.299866+00', NULL),
  ('81715477-d274-4b8a-befe-c059df0f6f77', '2d369849-9b49-455f-a734-3b55987cab16', 'BMD', true, NULL, '7', '2021-02-25 17:19:31.299866+00', NULL),
  ('a670c963-1490-4849-81ea-488345c8fa70', '2d369849-9b49-455f-a734-3b55987cab16', 'DVO', true, NULL, '7', '2021-02-25 17:19:31.299866+00', NULL),
  ('e08ecba6-412b-4ca1-9a91-b0085d0f8b7f', '2d369849-9b49-455f-a734-3b55987cab16', 'DATEV', true, NULL, '11', '2021-02-25 17:19:31.299866+00', NULL),
  ('7fa1cf36-4d8f-47bd-ab43-005fdf5aac24', '4e143f18-bc16-48c1-bf1d-1e1609fbbadc', 'BMD', true, NULL, '7', '2021-02-25 17:19:31.299866+00', NULL),
  ('e5ba9020-65be-4b09-9f58-7c50ec508c8e', '4e143f18-bc16-48c1-bf1d-1e1609fbbadc', 'DVO', true, NULL, '7', '2021-02-25 17:19:31.299866+00', NULL),
  ('913f963b-4987-442b-97fe-1261fd631ee3', '4e143f18-bc16-48c1-bf1d-1e1609fbbadc', 'DATEV', true, NULL, '11', '2021-02-25 17:19:31.299866+00', NULL),
  ('0afb713b-d291-4422-8cc9-43efe407a5e5', '610eda2e-4dce-46cf-81af-4d38cfe1db1e', 'BMD', true, NULL, '77', '2021-02-25 17:19:31.299866+00', NULL),
  ('304099ea-cbd6-4b20-bcf1-0e1a89aba1fd', '610eda2e-4dce-46cf-81af-4d38cfe1db1e', 'DVO', true, NULL, '77', '2021-02-25 17:19:31.299866+00', NULL),
  ('bf0abc8d-2283-4b73-a44f-9ca3505664ea', '610eda2e-4dce-46cf-81af-4d38cfe1db1e', 'DATEV', true, NULL, '47', '2021-02-25 17:19:31.299866+00', NULL),
  ('e2dcac7f-e233-4cb3-b1e4-75e8f1b81242', 'd053ec47-27d1-4d92-b484-596e33789f3a', 'BMD', true, NULL, '77', '2021-02-25 17:19:31.299866+00', NULL),
  ('a703785e-0c2e-4619-8007-f479a26ea455', 'd053ec47-27d1-4d92-b484-596e33789f3a', 'DVO', true, NULL, '77', '2021-02-25 17:19:31.299866+00', NULL),
  ('000f9291-6099-4c40-9e50-6e24338c872a', 'd053ec47-27d1-4d92-b484-596e33789f3a', 'DATEV', true, NULL, '47', '2021-02-25 17:19:31.299866+00', NULL),
  ('64904927-475f-44a2-84db-337a61dc5efa', '0d99d941-245c-4b25-823b-2f499c38ce11', 'BMD', true, NULL, '64', '2021-02-25 17:19:31.299866+00', NULL),
  ('534c4610-71c1-45b0-b7a4-0c79226c845c', '0d99d941-245c-4b25-823b-2f499c38ce11', 'DVO', true, NULL, '64', '2021-02-25 17:19:31.299866+00', NULL),
  ('afcc29e3-2cf3-44c6-8fb2-9943ecf314a7', '5be0fc7d-9285-472e-90b6-99a154631a14', 'BMD', true, NULL, '27', '2021-02-25 17:19:31.299866+00', NULL),
  ('da278c2d-7f36-492e-a112-49421dd39896', '5be0fc7d-9285-472e-90b6-99a154631a14', 'DVO', true, NULL, '27', '2021-02-25 17:19:31.299866+00', NULL),
  ('b4f6b2a4-3dd1-44a2-af86-9895d4d385e9', '5be0fc7d-9285-472e-90b6-99a154631a14', 'DATEV', true, NULL, '46', '2021-02-25 17:19:31.299866+00', NULL),
  ('1e25e499-035f-4c5c-854c-7a8efbc9c8c9', '457f3613-c08c-46c5-a448-ba9641c00ce7', 'BMD', true, NULL, '27', '2021-02-25 17:19:31.299866+00', NULL),
  ('d15e2b35-04c9-4b85-a41a-9c500b0808d4', '457f3613-c08c-46c5-a448-ba9641c00ce7', 'DVO', true, NULL, '27', '2021-02-25 17:19:31.299866+00', NULL),
  ('75960515-6fe4-41db-81c6-4c96aed41305', '457f3613-c08c-46c5-a448-ba9641c00ce7', 'DATEV', true, NULL, '46', '2021-02-25 17:19:31.299866+00', NULL),
  ('4b34bfdb-5439-424f-b82e-0bd455badd8d', '806e79ea-cd47-4aa6-a435-8e4f538fbc6e', 'BMD', true, NULL, '21', '2021-02-25 17:19:31.299866+00', NULL),
  ('c8cb88f2-2252-4fbe-b150-fe38007bca79', '806e79ea-cd47-4aa6-a435-8e4f538fbc6e', 'DVO', true, NULL, '21', '2021-02-25 17:19:31.299866+00', NULL),
  ('6cddf197-7620-453c-a68c-5b87152e0c43', '806e79ea-cd47-4aa6-a435-8e4f538fbc6e', 'DATEV', true, NULL, '46', '2021-02-25 17:19:31.299866+00', NULL),
  ('18fb216e-b5a4-42b4-a748-cc162df08c93', 'f93c27f5-30d1-470c-a313-5bab130144b6', 'DATEV', true, NULL, '46', '2021-02-25 17:19:31.299866+00', NULL),
  ('fbc8be5b-7fd7-48d5-bf58-80aef871c183', 'ba427baf-72a7-4cae-8b40-84ac5ff0e276', 'BMD', true, NULL, '24', '2021-02-25 17:19:31.299866+00', NULL),
  ('936075d8-d50b-4d64-944e-4248e87eac29', 'ba427baf-72a7-4cae-8b40-84ac5ff0e276', 'DVO', true, NULL, '24', '2021-02-25 17:19:31.299866+00', NULL),
  ('cb2eedfb-cc35-418d-bff0-2d644f23cfc3', 'ba427baf-72a7-4cae-8b40-84ac5ff0e276', 'DATEV', true, NULL, '46', '2021-02-25 17:19:31.299866+00', NULL),
  ('c5bf43cf-dd4d-43b3-95ba-0ccd49785e8b', '580a446c-f4bb-4816-883c-e09b7678ded6', 'DATEV', true, NULL, '46', '2021-02-25 17:19:31.299866+00', NULL),
  ('7e6e257c-fb55-430f-b34f-c94b24bea78e', 'ef7d3c27-dfb9-4f00-a55d-a3f020c41e97', 'BMD', true, NULL, '57', '2021-02-25 17:19:31.299866+00', NULL),
  ('c3a09cac-bd84-482f-bb92-4ee984a62735', 'ef7d3c27-dfb9-4f00-a55d-a3f020c41e97', 'DVO', true, NULL, '57', '2021-02-25 17:19:31.299866+00', NULL),
  ('1a34943d-cd5c-43f8-96f1-50cc85343a69', 'ef7d3c27-dfb9-4f00-a55d-a3f020c41e97', 'DATEV', true, NULL, '46', '2021-02-25 17:19:31.299866+00', NULL),
  ('893cc1ac-eea5-4d57-a5d7-073806f9cbc4', 'c097991b-9cb2-4a1c-80f8-f59941c8d50c', 'BMD', true, NULL, '57', '2021-02-25 17:19:31.299866+00', NULL),
  ('70297fa5-29ad-40ea-ab1e-eb3c5b46cf7d', 'c097991b-9cb2-4a1c-80f8-f59941c8d50c', 'DVO', true, NULL, '57', '2021-02-25 17:19:31.299866+00', NULL),
  ('73e83f2d-1f18-4328-9fa9-0c9cad08acac', 'c097991b-9cb2-4a1c-80f8-f59941c8d50c', 'DATEV', true, NULL, '46', '2021-02-25 17:19:31.299866+00', NULL),
  ('fd6ddf32-cb42-453d-8dc5-a1f57ae0570c', '63df9fdd-34eb-4854-81de-d944f72bb5a8', 'BMD', true, NULL, '87', '2021-02-25 17:19:31.299866+00', NULL),
  ('0405c77b-50a7-4589-83a4-10b599c26e57', '63df9fdd-34eb-4854-81de-d944f72bb5a8', 'DVO', true, NULL, '87', '2021-02-25 17:19:31.299866+00', NULL),
  ('dafd6ebf-09da-479b-812c-92443b837641', '63df9fdd-34eb-4854-81de-d944f72bb5a8', 'DATEV', true, NULL, '46', '2021-02-25 17:19:31.299866+00', NULL),
  ('5e34378e-f09b-49e2-b67d-33d3c9403d6f', '2eae60ea-c50c-44fb-9842-7da0cb826c45', 'DATEV', true, NULL, '46', '2021-02-25 17:19:31.299866+00', NULL),
  ('9cb93f1b-1aee-40a7-9466-a337f0a1455b', 'fdc77ded-af73-4602-903e-e9f11195cf47', 'DATEV', true, NULL, '201', '2021-02-25 17:19:31.299866+00', NULL),
  ('b93344a8-3278-4bcd-83b0-021d42eb68c6', '8cbc9d18-5b44-4ce9-89bd-fce4c6781349', 'DATEV', true, NULL, '44', '2021-02-25 17:19:31.299866+00', NULL),
  ('548ceeca-bb62-4e83-8e66-77227a32973b', '21e132b9-6345-4821-875b-9630b1cfab52', 'DATEV', true, NULL, '44', '2021-02-25 17:19:31.299866+00', NULL),
  ('aa09cd4b-76e1-446a-86a4-0f7f544816ce', NULL, 'DATEV', true, NULL, '8', '2021-02-25 17:19:31.299866+00', '7634e886-ffde-41d0-9d61-c02cf4c667ea'),
  ('f60fcd42-2092-4a61-ad12-834dde64746e', NULL, 'DATEV', true, NULL, '6', '2021-02-25 17:19:31.299866+00', '3034f7db-1ae6-4090-8b35-563410883b69'),
  ('9dda7b5c-0893-4692-84e7-f5a80045d52f', NULL, 'DATEV', true, NULL, '9', '2021-02-25 17:19:31.299866+00', '577810be-95b7-410b-9589-daa34c192a0e'),
  ('7b0fd743-fb60-47a3-b357-d60bec179994', '66e9bce0-55aa-45a6-b388-03f885772cff', 'BMD', true, NULL, '2', '2021-02-25 17:19:31.299866+00', NULL),
  ('daceabd7-b988-48a9-95dc-77627f2cf81f', '66e9bce0-55aa-45a6-b388-03f885772cff', 'DVO', true, NULL, '2', '2021-02-25 17:19:31.299866+00', NULL),
  ('72cd7b29-e633-44b8-8a2d-c83cb8e356cf', '66e9bce0-55aa-45a6-b388-03f885772cff', 'BMD', false, NULL, '42', '2021-02-25 17:19:31.299866+00', NULL),
  ('5145a599-e296-4e59-95f1-4c003201fdea', '66e9bce0-55aa-45a6-b388-03f885772cff', 'DVO', false, NULL, '42', '2021-02-25 17:19:31.299866+00', NULL),
  ('4d621d28-5891-420b-9956-da87c80937ec', NULL, 'DATEV', true, NULL, '6', '2021-02-25 17:19:31.299866+00', '819727d6-ee76-47b0-a0ff-cb7aa8c2f29e'),
  ('f3a8fcf7-dae5-4b37-8359-0b3e80377569', NULL, 'DATEV', true, NULL, '8', '2021-02-25 17:19:31.299866+00', '00e084f6-a852-48e9-91d1-c7738524cb80'),
  ('45d5a4fc-327a-4a12-86e1-8ca9f954338b', NULL, 'DATEV', true, NULL, '7', '2021-02-25 17:19:31.299866+00', '10ee5f80-78bc-4090-932c-6daccbd37cb0'),
  ('ad7f9b82-4462-42b2-999c-a076f4709d65', NULL, 'DATEV', true, NULL, '9', '2021-02-25 17:19:31.299866+00', '09047331-e649-4f4d-a92e-ef52da04c301'),
  ('8cca44bf-9015-4321-b50d-56957164a7c1', '649927ac-81c8-4680-89f2-0a3033f19546', 'BMD', true, NULL, '2', '2021-02-25 17:19:31.299866+00', NULL),
  ('4f9eac97-ec59-410f-b395-c3c495af9010', '649927ac-81c8-4680-89f2-0a3033f19546', 'DVO', true, NULL, '2', '2021-02-25 17:19:31.299866+00', NULL),
  ('1cebc98b-e10b-4474-b180-71c8236d3a2f', '649927ac-81c8-4680-89f2-0a3033f19546', 'BMD', false, NULL, '42', '2021-02-25 17:19:31.299866+00', NULL),
  ('62419990-d2a5-4a4f-ba8e-e7ea967fea03', '649927ac-81c8-4680-89f2-0a3033f19546', 'DVO', false, NULL, '42', '2021-02-25 17:19:31.299866+00', NULL),
  ('f6d806da-e3b3-4a64-bab2-a735f3ea6a92', 'b46b1b19-82d2-4d25-b777-b202bb6d13b3', 'BMD', true, NULL, '34', '2021-02-25 17:19:31.299866+00', NULL),
  ('22f3a147-dff1-4fb9-b4af-6e7aa3d6c69d', 'b46b1b19-82d2-4d25-b777-b202bb6d13b3', 'DVO', true, NULL, '34', '2021-02-25 17:19:31.299866+00', NULL),
  ('af3cfcb2-acec-4850-920c-c2393a2f65d5', '6c1dd50c-1b62-4fc6-981d-05bca682589e', 'BMD', true, NULL, '34', '2021-02-25 17:19:31.299866+00', NULL),
  ('0e6ecb3c-cc79-4836-9b93-2e08a92bf529', '6c1dd50c-1b62-4fc6-981d-05bca682589e', 'DVO', true, NULL, '34', '2021-02-25 17:19:31.299866+00', NULL),
  ('0b99f64d-d974-4c8c-a39e-51388cf9f9d3', 'b510fee8-b2a4-48c5-b0b5-1e8310dbaeb8', 'BMD', true, NULL, '35', '2021-02-25 17:19:31.299866+00', NULL),
  ('7ff528d9-b8d8-420f-963f-539ef92531f5', 'b510fee8-b2a4-48c5-b0b5-1e8310dbaeb8', 'DVO', true, NULL, '35', '2021-02-25 17:19:31.299866+00', NULL),
  ('74819b5a-9328-4841-a3ff-d6998fa89d38', '3226c276-45ca-4af7-a262-df3e03969748', 'BMD', true, NULL, '36', '2021-02-25 17:19:31.299866+00', NULL),
  ('6c7e7d3f-45b9-4444-ac6f-89a3b6a77192', '3226c276-45ca-4af7-a262-df3e03969748', 'DVO', true, NULL, '36', '2021-02-25 17:19:31.299866+00', NULL),
  ('a217c713-67a6-43c2-999d-595e098dfc28', '52eb0ebd-f5bf-490b-a495-f1d9279cefbb', 'BMD', true, NULL, '11', '2021-02-25 17:19:31.299866+00', NULL),
  ('c88ccba3-9c09-4f4f-b048-8fc5b5b447af', '52eb0ebd-f5bf-490b-a495-f1d9279cefbb', 'DVO', true, NULL, '11', '2021-02-25 17:19:31.299866+00', NULL),
  ('b4236822-0208-4441-b426-a2ab23896210', '9809d4d0-d2d0-47e0-b342-b6b65ff75582', 'BMD', true, NULL, '93', '2021-02-25 17:19:31.299866+00', NULL),
  ('11960fc2-b332-4019-8073-e4d1ff59324b', '9809d4d0-d2d0-47e0-b342-b6b65ff75582', 'DVO', true, NULL, '93', '2021-02-25 17:19:31.299866+00', NULL),
  ('5333bfdd-c139-4f39-bd2a-89f39e2672fd', '9809d4d0-d2d0-47e0-b342-b6b65ff75582', 'BMD', false, NULL, '92', '2021-02-25 17:19:31.299866+00', NULL),
  ('09fd72dc-a5d8-46b0-9a4e-f5def3f82fb6', '9809d4d0-d2d0-47e0-b342-b6b65ff75582', 'DVO', false, NULL, '92', '2021-02-25 17:19:31.299866+00', NULL),
  ('fe6604d3-dc2b-4d0d-a08f-f729f695475c', '43136e14-4334-4ee8-bfe1-080634e631de', 'BMD', true, NULL, '80', '2021-02-25 17:19:31.299866+00', NULL),
  ('b8ad06f0-f60f-4574-9204-f43a2e1f4ad0', '43136e14-4334-4ee8-bfe1-080634e631de', 'DVO', true, NULL, '80', '2021-02-25 17:19:31.299866+00', NULL),
  ('7517d9a4-ade7-41f7-991f-303d3c7015ac', NULL, 'DATEV', true, NULL, '18', '2021-02-25 17:19:31.299866+00', '09c89d00-3d3a-4f6f-b2c9-01c3c9d6f4f0'),
  ('b1a6a017-7f6d-4f68-9806-e6d23769c286', NULL, 'DATEV', true, NULL, '16', '2021-02-25 17:19:31.299866+00', '6d3ce997-ecc3-4995-b3dc-63ee25e3fadd'),
  ('516a64e4-ac21-463b-996e-3936efcb231b', NULL, 'DATEV', true, NULL, '19', '2021-02-25 17:19:31.299866+00', 'c8a8d3f7-d464-4af3-952a-7a3539156a80'),
  ('93e70b9a-5e7f-4dcf-832b-d48f715bf6f4', 'fe87a34f-ec45-4c96-bbca-8154385b4cb7', 'BMD', true, NULL, '9', '2021-02-25 17:19:31.299866+00', NULL),
  ('fed7712e-bd8d-4b66-90dd-839747c82da5', 'fe87a34f-ec45-4c96-bbca-8154385b4cb7', 'DVO', true, NULL, '9', '2021-02-25 17:19:31.299866+00', NULL),
  ('2f0e6dce-bb2a-4825-a912-d90ee27a677d', 'fe87a34f-ec45-4c96-bbca-8154385b4cb7', 'BMD', false, NULL, '8', '2021-02-25 17:19:31.299866+00', NULL),
  ('1818ce74-c222-4438-8922-14f69d5ef6da', 'fe87a34f-ec45-4c96-bbca-8154385b4cb7', 'DVO', false, NULL, '8', '2021-02-25 17:19:31.299866+00', NULL),
  ('3e960905-2fe0-4dde-9912-dbe607007c65', NULL, 'DATEV', true, NULL, '16', '2021-02-25 17:19:31.299866+00', '7f40dae2-5657-4f88-b164-e242fcdf1c71'),
  ('986f3264-1365-458c-84fd-e62831c562a3', NULL, 'DATEV', true, NULL, '18', '2021-02-25 17:19:31.299866+00', 'ba319d6d-760a-4989-8838-4b6393bcfcc8'),
  ('bc44921c-3622-4c93-b969-ad6a0b6c415c', NULL, 'DATEV', true, NULL, '17', '2021-02-25 17:19:31.299866+00', 'b8b7a171-7b58-46b5-a942-30fe5cdb7675'),
  ('fbfd42d8-d19e-432d-a5f6-efefe045e9fb', NULL, 'DATEV', true, NULL, '19', '2021-02-25 17:19:31.299866+00', 'aac9cec1-f80d-44e2-9d74-4ee448013762'),
  ('797aa813-1276-40b2-92f4-a77339a0d9ad', '1f927787-1504-4981-b0e0-f2c9f1358632', 'BMD', true, NULL, '9', '2021-02-25 17:19:31.299866+00', NULL),
  ('79cc3309-0f14-4039-b3e5-fd8f18209cf0', '1f927787-1504-4981-b0e0-f2c9f1358632', 'DVO', true, NULL, '9', '2021-02-25 17:19:31.299866+00', NULL),
  ('3976a729-2801-473d-b731-4fa3e90e2ad0', '1f927787-1504-4981-b0e0-f2c9f1358632', 'BMD', false, NULL, '8', '2021-02-25 17:19:31.299866+00', NULL),
  ('e6dbd253-b9c6-4f66-840a-3be1a2b3451d', '1f927787-1504-4981-b0e0-f2c9f1358632', 'DVO', false, NULL, '8', '2021-02-25 17:19:31.299866+00', NULL),
  ('a13f4bf0-32ab-477c-bb26-a6a5e42a8443', 'adeefcff-5e8c-474c-8747-44b0a548ed56', 'BMD', true, NULL, '4', '2021-02-25 17:19:31.299866+00', NULL),
  ('7ada41d2-d909-44bb-89d1-1813ff68a83a', 'adeefcff-5e8c-474c-8747-44b0a548ed56', 'DVO', true, NULL, '4', '2021-02-25 17:19:31.299866+00', NULL),
  ('0c759440-c9f4-43d6-a4ad-405bcac049f9', '03b9a185-391d-4ddc-adc6-a38867cc25c2', 'BMD', true, NULL, '35', '2021-02-25 17:19:31.299866+00', NULL),
  ('0ef9aade-621c-489b-a6b6-a94ecb0b2512', '03b9a185-391d-4ddc-adc6-a38867cc25c2', 'DVO', true, NULL, '35', '2021-02-25 17:19:31.299866+00', NULL),
  ('e6eb0e66-2c1e-462c-a4da-bff8114d3351', NULL, 'DATEV', true, NULL, '506', '2021-02-25 17:19:31.299866+00', '6c0f2abc-44ef-479f-8b9b-170bfbc8d06f'),
  ('2b81f303-f273-40a3-b54f-20c55aeceab0', NULL, 'DATEV', false, NULL, '6506', '2021-02-25 17:19:31.299866+00', '6c0f2abc-44ef-479f-8b9b-170bfbc8d06f'),
  ('5f5b034d-3df9-4584-9357-9afb04ff6497', 'dd8487dc-81e6-4654-bac5-a085d25c7d0b', 'BMD', true, NULL, '19', '2021-02-25 17:19:31.299866+00', NULL),
  ('bc90957c-e6f7-455a-a15b-55d582cc1b09', 'dd8487dc-81e6-4654-bac5-a085d25c7d0b', 'DVO', true, NULL, '19', '2021-02-25 17:19:31.299866+00', NULL),
  ('78a7005b-c4b1-4ad1-981d-829d9f7bc8ee', 'dd8487dc-81e6-4654-bac5-a085d25c7d0b', 'BMD', false, NULL, '18', '2021-02-25 17:19:31.299866+00', NULL),
  ('ad529f09-6b32-45b1-bc48-6869c2a95e50', 'dd8487dc-81e6-4654-bac5-a085d25c7d0b', 'DVO', false, NULL, '18', '2021-02-25 17:19:31.299866+00', NULL),
  ('b3b3af58-be07-4c38-95be-22c4adbe60bc', NULL, 'DATEV', true, NULL, '511', '2021-02-25 17:19:31.299866+00', '1d9a53f5-dafd-4e19-ab90-8a61ee5d5f40'),
  ('996113dd-d014-49a8-82ee-1bc84a272451', NULL, 'DATEV', false, NULL, '6511', '2021-02-25 17:19:31.299866+00', '1d9a53f5-dafd-4e19-ab90-8a61ee5d5f40'),
  ('c734d601-630e-4451-902c-64a08d41ad11', NULL, 'DATEV', true, NULL, '511', '2021-02-25 17:19:31.299866+00', '387e3c3f-5106-4a4f-aebc-16d6e32e7a43'),
  ('83303609-dcdb-4d0a-9604-829f85612cf2', NULL, 'DATEV', false, NULL, '6511', '2021-02-25 17:19:31.299866+00', '387e3c3f-5106-4a4f-aebc-16d6e32e7a43'),
  ('0cfb1843-7eae-4268-8006-44dc27462a44', '3bc29b8a-daed-497a-aca0-3d4f855a50c5', 'BMD', true, NULL, '19', '2021-02-25 17:19:31.299866+00', NULL),
  ('3332b6a0-143c-466e-bb34-b48a0f86b1ff', '3bc29b8a-daed-497a-aca0-3d4f855a50c5', 'DVO', true, NULL, '19', '2021-02-25 17:19:31.299866+00', NULL),
  ('96febdfc-bd62-4b59-9ce5-c875a798e7f4', '3bc29b8a-daed-497a-aca0-3d4f855a50c5', 'BMD', false, NULL, '18', '2021-02-25 17:19:31.299866+00', NULL),
  ('1ac725b2-edb4-4c57-a22a-97b9780fa6fa', '3bc29b8a-daed-497a-aca0-3d4f855a50c5', 'DVO', false, NULL, '18', '2021-02-25 17:19:31.299866+00', NULL),
  ('3c787fa3-86b5-4d0e-a5c5-09f6117c9c80', NULL, 'DATEV', true, NULL, '511', '2021-02-25 17:19:31.299866+00', 'c3e22b0f-28ab-4b40-8573-529fbf92f4ec'),
  ('03bd192b-f82d-43e3-9eb8-bfa111318aea', NULL, 'DATEV', false, NULL, '6511', '2021-02-25 17:19:31.299866+00', 'c3e22b0f-28ab-4b40-8573-529fbf92f4ec'),
  ('b731a8ac-4586-46eb-bd67-cba5dcf8c103', 'e77d686e-92f2-4c96-a5c1-b7c912327e90', 'BMD', true, NULL, '29', '2021-02-25 17:19:31.299866+00', NULL),
  ('e6bc9d9c-29c1-4f30-b189-b0bb8fdfada0', 'e77d686e-92f2-4c96-a5c1-b7c912327e90', 'DVO', true, NULL, '29', '2021-02-25 17:19:31.299866+00', NULL),
  ('cc109e32-5416-403c-aa80-f89518068b26', 'e77d686e-92f2-4c96-a5c1-b7c912327e90', 'BMD', false, NULL, '28', '2021-02-25 17:19:31.299866+00', NULL),
  ('b824a05a-96ae-49df-ac5f-3f4dd15c9534', 'e77d686e-92f2-4c96-a5c1-b7c912327e90', 'DVO', false, NULL, '28', '2021-02-25 17:19:31.299866+00', NULL),
  ('b4f1e869-122b-4395-896a-685b8975d57a', NULL, 'DATEV', true, NULL, '526', '2021-02-25 17:19:31.299866+00', '9547735b-c55b-4f3d-b631-0b127f716747'),
  ('f9464485-5c7b-45c6-beaf-123d7726ecbb', NULL, 'DATEV', false, NULL, '6526', '2021-02-25 17:19:31.299866+00', '9547735b-c55b-4f3d-b631-0b127f716747'),
  ('a41c4497-2586-462b-a29b-c98bd7f4304d', NULL, 'DATEV', true, NULL, '526', '2021-02-25 17:19:31.299866+00', '0682147c-d0a4-4666-91be-9f5c398cf5fb'),
  ('f42f8511-87c1-49d7-8af4-5c4c37d1757f', NULL, 'DATEV', false, NULL, '6526', '2021-02-25 17:19:31.299866+00', '0682147c-d0a4-4666-91be-9f5c398cf5fb'),
  ('b233bd8b-1938-4122-947c-c94f43cee985', 'f9232dc3-aa25-496e-b2c8-36c56f409dc8', 'BMD', true, NULL, '29', '2021-02-25 17:19:31.299866+00', NULL),
  ('9b5532c3-bbd0-4e2a-899e-c0d1d50860b7', 'f9232dc3-aa25-496e-b2c8-36c56f409dc8', 'DVO', true, NULL, '29', '2021-02-25 17:19:31.299866+00', NULL),
  ('29583f06-5db6-450d-83e2-907db1766059', 'f9232dc3-aa25-496e-b2c8-36c56f409dc8', 'BMD', false, NULL, '28', '2021-02-25 17:19:31.299866+00', NULL),
  ('22ad1aa2-7b0b-42fc-af13-5809480ed7b1', 'f9232dc3-aa25-496e-b2c8-36c56f409dc8', 'DVO', false, NULL, '28', '2021-02-25 17:19:31.299866+00', NULL),
  ('85e3c838-31ac-4023-ae2a-3ef0bc8f9f69', '43ba7dd9-789c-4b6a-9f06-9c3aa5032965', 'BMD', true, NULL, '44', '2021-02-25 17:19:31.299866+00', NULL),
  ('373448de-49ed-4029-ac4f-64ed2fff5299', '43ba7dd9-789c-4b6a-9f06-9c3aa5032965', 'DVO', true, NULL, '44', '2021-02-25 17:19:31.299866+00', NULL),
  ('d3212d2f-4ef2-4ad5-804d-df545544b3ca', '2b158ebf-f347-4da8-beb0-fe2b4dbe7769', 'BMD', true, NULL, '45', '2021-02-25 17:19:31.299866+00', NULL),
  ('1bc82fcb-6be3-4099-9db9-5bce4810afa1', '2b158ebf-f347-4da8-beb0-fe2b4dbe7769', 'DVO', true, NULL, '45', '2021-02-25 17:19:31.299866+00', NULL),
  ('0ee8d49d-4cb9-456b-a2c7-3b1ce1d825e9', NULL, 'DATEV', true, NULL, '551', '2021-02-25 17:19:31.299866+00', 'af93ae6b-bd66-4527-893b-e555efdcc776'),
  ('4bcc239a-bdcd-4270-a2ee-d4d260f553c5', NULL, 'DATEV', false, NULL, '6551', '2021-02-25 17:19:31.299866+00', 'af93ae6b-bd66-4527-893b-e555efdcc776'),
  ('aff15507-0a44-4891-9e0a-0298f43f616d', NULL, 'DATEV', true, NULL, '551', '2021-02-25 17:19:31.299866+00', 'f6c2d0aa-26ba-43e2-a938-dc5150ab31b3'),
  ('8f0ddbc8-dbc6-4530-bf84-0e55df587dfb', NULL, 'DATEV', false, NULL, '6551', '2021-02-25 17:19:31.299866+00', 'f6c2d0aa-26ba-43e2-a938-dc5150ab31b3'),
  ('f48fa8ec-5dfd-4810-bb90-d03d6f4667d3', NULL, 'DATEV', true, NULL, '516', '2021-02-25 17:19:31.299866+00', 'e11e1d8e-60ed-4a41-98ae-74146201c878'),
  ('2249573e-605f-4f8e-b1cb-7255003ef41e', NULL, 'DATEV', false, NULL, '6516', '2021-02-25 17:19:31.299866+00', 'e11e1d8e-60ed-4a41-98ae-74146201c878'),
  ('52431f67-a618-4eab-9972-37a389dabfd1', 'aa3ea0e0-1ff4-4c13-b580-afc45eb9cc7c', 'BMD', true, NULL, '23', '2021-02-25 17:19:31.299866+00', NULL),
  ('5be2c111-d797-439d-872b-ad479723c188', 'aa3ea0e0-1ff4-4c13-b580-afc45eb9cc7c', 'DVO', true, NULL, '23', '2021-02-25 17:19:31.299866+00', NULL),
  ('29002cba-5e64-4dc2-b123-279b6a095849', 'aa3ea0e0-1ff4-4c13-b580-afc45eb9cc7c', 'BMD', false, NULL, '22', '2021-02-25 17:19:31.299866+00', NULL),
  ('97457125-0fbc-4b60-9203-fb38879a3353', 'aa3ea0e0-1ff4-4c13-b580-afc45eb9cc7c', 'DVO', false, NULL, '22', '2021-02-25 17:19:31.299866+00', NULL),
  ('f106d89d-637b-4e34-ab16-0ca2b5a425ab', NULL, 'DATEV', true, NULL, '516', '2021-02-25 17:19:31.299866+00', '7264f173-bff2-4e36-944d-f6c23f6d400a'),
  ('b2f3793f-61d4-4de0-b4b4-82f50a0f5bd2', NULL, 'DATEV', false, NULL, '6516', '2021-02-25 17:19:31.299866+00', '7264f173-bff2-4e36-944d-f6c23f6d400a'),
  ('0a48420f-0812-455d-848b-ea2627ec99c6', NULL, 'DATEV', true, NULL, '516', '2021-02-25 17:19:31.299866+00', 'dcad8361-6c7f-4b85-abb9-54cf3194bb42'),
  ('6e4f35fa-4415-4ab2-85b4-378fe6b145f1', NULL, 'DATEV', false, NULL, '6516', '2021-02-25 17:19:31.299866+00', 'dcad8361-6c7f-4b85-abb9-54cf3194bb42'),
  ('86bd8108-53b8-44fd-99da-0a9dccbeeb15', NULL, 'DATEV', true, NULL, '521', '2021-02-25 17:19:31.299866+00', 'ff976248-5482-45df-8e83-26c3a57ff0e6'),
  ('9416be6b-cdd0-4ab5-b373-048af29e80c4', NULL, 'DATEV', false, NULL, '6521', '2021-02-25 17:19:31.299866+00', 'ff976248-5482-45df-8e83-26c3a57ff0e6'),
  ('a803e36e-1cff-4dd9-a231-76cf2341c2aa', '1fcc6bb6-d26a-4082-bf92-0c22bf1bd15f', 'BMD', true, NULL, '26', '2021-02-25 17:19:31.299866+00', NULL),
  ('6e096ab3-46db-451a-acca-1631f2e61ee2', '1fcc6bb6-d26a-4082-bf92-0c22bf1bd15f', 'DVO', true, NULL, '26', '2021-02-25 17:19:31.299866+00', NULL),
  ('fb350d26-a2a0-41af-a9c4-643c6d15b980', '1fcc6bb6-d26a-4082-bf92-0c22bf1bd15f', 'BMD', false, NULL, '25', '2021-02-25 17:19:31.299866+00', NULL),
  ('1693faeb-15c4-483a-92a0-c3954e9c1743', '1fcc6bb6-d26a-4082-bf92-0c22bf1bd15f', 'DVO', false, NULL, '25', '2021-02-25 17:19:31.299866+00', NULL),
  ('9d7c9e7c-877c-4c3e-a782-3112ec57d02b', NULL, 'DATEV', true, NULL, '531', '2021-02-25 17:19:31.299866+00', 'd69f707e-32eb-4a3d-8f15-bc122e0778e8'),
  ('f3bc8147-b036-4241-af39-fb0db02c4d2b', NULL, 'DATEV', false, NULL, '6531', '2021-02-25 17:19:31.299866+00', 'd69f707e-32eb-4a3d-8f15-bc122e0778e8'),
  ('9b2fecd5-4553-408d-99d6-f78a3a55c329', NULL, 'DATEV', true, NULL, '531', '2021-02-25 17:19:31.299866+00', 'fb86736c-efd1-4948-ab48-02bff60ea32b'),
  ('2b2ca5f3-78a1-4930-8eb8-57d196fe723a', NULL, 'DATEV', false, NULL, '6531', '2021-02-25 17:19:31.299866+00', 'fb86736c-efd1-4948-ab48-02bff60ea32b'),
  ('1c76c336-7293-4738-8743-ad82fbee7fed', '191f43f9-812d-44d6-9ac4-f820153fdf62', 'BMD', true, NULL, '46', '2021-02-25 17:19:31.299866+00', NULL),
  ('94a179a0-e032-445f-bdd3-52f3574a87a1', '191f43f9-812d-44d6-9ac4-f820153fdf62', 'DVO', true, NULL, '46', '2021-02-25 17:19:31.299866+00', NULL),
  ('3e3ac11b-baed-498d-ae17-710ca90b9972', 'aad1ef4b-7a7f-424f-90ec-c290da6bb2d4', 'BMD', true, NULL, '47', '2021-02-25 17:19:31.299866+00', NULL),
  ('3fccbf18-ba4e-4b19-ae84-9c14d693e633', 'aad1ef4b-7a7f-424f-90ec-c290da6bb2d4', 'DVO', true, NULL, '47', '2021-02-25 17:19:31.299866+00', NULL),
  ('067785ad-0dd6-4594-807d-161e5689b595', NULL, 'DATEV', true, NULL, '526', '2021-02-25 17:19:31.299866+00', 'ed264575-4a73-4b05-b2c3-a2b06d25c6ce'),
  ('86bc8a3e-8e1a-4c0b-b4be-525d06182900', NULL, 'DATEV', false, NULL, '6526', '2021-02-25 17:19:31.299866+00', 'ed264575-4a73-4b05-b2c3-a2b06d25c6ce'),
  ('99dcd2f6-dedc-4fda-8428-491d6d49c9a3', '7108da6d-0dd9-4925-8de2-ce2c57c1801e', 'BMD', true, NULL, '59', '2021-02-25 17:19:31.299866+00', NULL),
  ('3de6504d-9709-4817-8767-1346542c680b', '7108da6d-0dd9-4925-8de2-ce2c57c1801e', 'DVO', true, NULL, '59', '2021-02-25 17:19:31.299866+00', NULL),
  ('7bd0d385-1aa8-481f-a49b-965748fba692', '7108da6d-0dd9-4925-8de2-ce2c57c1801e', 'BMD', false, NULL, '58', '2021-02-25 17:19:31.299866+00', NULL),
  ('2da84ee2-b97f-4796-8c01-08f02ef9b030', '7108da6d-0dd9-4925-8de2-ce2c57c1801e', 'DVO', false, NULL, '58', '2021-02-25 17:19:31.299866+00', NULL),
  ('85ce413a-3a60-4e70-bf4d-c6711392b158', NULL, 'DATEV', true, NULL, '546', '2021-02-25 17:19:31.299866+00', 'af869a1c-029a-4a10-b1ec-fec0276e0ad6'),
  ('46117902-9562-413e-bde9-c68118af6fcb', NULL, 'DATEV', false, NULL, '6546', '2021-02-25 17:19:31.299866+00', 'af869a1c-029a-4a10-b1ec-fec0276e0ad6'),
  ('5545604b-c0b1-4236-914b-c153fa66e3bf', NULL, 'DATEV', true, NULL, '546', '2021-02-25 17:19:31.299866+00', 'd3d0b309-9e1f-41f5-8720-05e7b630698b'),
  ('8258c29a-b2e3-48ce-89aa-755a1a128e8f', NULL, 'DATEV', false, NULL, '6546', '2021-02-25 17:19:31.299866+00', 'd3d0b309-9e1f-41f5-8720-05e7b630698b'),
  ('640162fa-3224-44a9-80b9-70be323494c3', '90425b2c-35a2-42bc-867c-6eaf17730241', 'BMD', true, NULL, '59', '2021-02-25 17:19:31.299866+00', NULL),
  ('94126d49-bac0-401f-a676-661b152bb752', '90425b2c-35a2-42bc-867c-6eaf17730241', 'DVO', true, NULL, '59', '2021-02-25 17:19:31.299866+00', NULL),
  ('6d3514c0-649e-4fa7-88d3-8e2fd01f9ced', '90425b2c-35a2-42bc-867c-6eaf17730241', 'BMD', false, NULL, '58', '2021-02-25 17:19:31.299866+00', NULL),
  ('5abae657-72f3-4c83-a049-5d7fb80d491e', '90425b2c-35a2-42bc-867c-6eaf17730241', 'DVO', false, NULL, '58', '2021-02-25 17:19:31.299866+00', NULL),
  ('ddb7e667-5dd5-48f6-89f5-895cf8dba9c2', NULL, 'DATEV', true, NULL, '531', '2021-02-25 17:19:31.299866+00', '691fccd9-a613-479a-9928-7934583d04be'),
  ('b8f3e556-878e-4ea3-9766-ce3b2afc4488', NULL, 'DATEV', false, NULL, '6531', '2021-02-25 17:19:31.299866+00', '691fccd9-a613-479a-9928-7934583d04be'),
  ('1b46806c-4755-46c6-a175-0090ec915b2b', 'a071f63a-f8a4-4d6e-956e-4ad62ed6bcff', 'BMD', true, NULL, '89', '2021-02-25 17:19:31.299866+00', NULL),
  ('47e5f2c9-9a96-4bc8-bf41-d4d8154992c7', 'a071f63a-f8a4-4d6e-956e-4ad62ed6bcff', 'DVO', true, NULL, '89', '2021-02-25 17:19:31.299866+00', NULL),
  ('59b1d0fd-17ce-4b25-a5fe-e1be76029da6', 'a071f63a-f8a4-4d6e-956e-4ad62ed6bcff', 'BMD', false, NULL, '88', '2021-02-25 17:19:31.299866+00', NULL),
  ('31aef444-2426-4e75-ae1b-88d2fee2d0cc', 'a071f63a-f8a4-4d6e-956e-4ad62ed6bcff', 'DVO', false, NULL, '88', '2021-02-25 17:19:31.299866+00', NULL),
  ('e64401c1-73a5-4b36-a8e2-fe9cd417fa39', NULL, 'DATEV', true, NULL, '541', '2021-02-25 17:19:31.299866+00', '395b8743-25e3-4d97-ab1a-3f767aa65345'),
  ('72f4f67c-b6d0-437c-9bc5-8ea7f3498ceb', NULL, 'DATEV', false, NULL, '6541', '2021-02-25 17:19:31.299866+00', '395b8743-25e3-4d97-ab1a-3f767aa65345'),
  ('a00f5707-21c9-487c-9df9-6054b0832bbe', NULL, 'DATEV', true, NULL, '541', '2021-02-25 17:19:31.299866+00', '88b7a89a-8cf3-42a7-bbd2-1a4139ddbb26'),
  ('eafb6734-49aa-4bcc-8712-2419072a3c1a', NULL, 'DATEV', false, NULL, '6541', '2021-02-25 17:19:31.299866+00', '88b7a89a-8cf3-42a7-bbd2-1a4139ddbb26'),
  ('837ef0ac-4733-4a4a-9649-b39c200095f8', NULL, 'DATEV', true, NULL, '561', '2021-02-25 17:19:31.299866+00', '48f70454-a7e5-4d34-9f1d-1993341f96b9'),
  ('eebbf80f-d908-47df-aaf2-33a042d26746', NULL, 'DATEV', false, NULL, '6561', '2021-02-25 17:19:31.299866+00', '48f70454-a7e5-4d34-9f1d-1993341f96b9'),
  ('2f78b8e8-b139-4f5f-88a1-7d15e0db0f3f', NULL, 'DATEV', true, NULL, '561', '2021-02-25 17:19:31.299866+00', '3e04bf23-83e7-4321-a2d5-5e94d47d3fca'),
  ('01676302-4c72-43ea-8b8f-ace017b5c165', NULL, 'DATEV', false, NULL, '6561', '2021-02-25 17:19:31.299866+00', '3e04bf23-83e7-4321-a2d5-5e94d47d3fca'),
  ('605103b2-966f-4b4f-8ee8-b845c5f58891', '36dd5d36-d03b-43ec-8780-33ec0c49e52c', 'BMD', true, NULL, '50', '2021-02-25 17:19:31.299866+00', NULL),
  ('e7a7088c-be8a-4d06-9014-eab67d54f1f6', '36dd5d36-d03b-43ec-8780-33ec0c49e52c', 'DVO', true, NULL, '50', '2021-02-25 17:19:31.299866+00', NULL),
  ('c9e92fab-9af0-440d-83ca-383c367cc0f5', 'e6ca804a-3896-467a-9f1a-31cc6b4f71ce', 'BMD', true, NULL, '51', '2021-02-25 17:19:31.299866+00', NULL),
  ('98f1a6ba-c946-4e42-b010-c4925d152900', 'e6ca804a-3896-467a-9f1a-31cc6b4f71ce', 'DVO', true, NULL, '51', '2021-02-25 17:19:31.299866+00', NULL),
  ('06700a34-fc06-4c17-a102-e21572017ce4', NULL, 'DATEV', true, NULL, '541', '2021-02-25 17:19:31.299866+00', '4cafd337-6bf6-49e7-a665-7aa1dc6a2c8c'),
  ('971ba10a-68ff-4345-8f8e-d0211bede6af', NULL, 'DATEV', false, NULL, '6541', '2021-02-25 17:19:31.299866+00', '4cafd337-6bf6-49e7-a665-7aa1dc6a2c8c'),
  ('8a467aad-948a-4acc-b24e-0aac20f266de', 'c9515810-78e5-4401-a55b-da76431a829d', 'BMD', true, NULL, '79', '2021-02-25 17:19:31.299866+00', NULL),
  ('943d4a49-891f-4433-917b-1d95e73b7795', 'c9515810-78e5-4401-a55b-da76431a829d', 'DVO', true, NULL, '79', '2021-02-25 17:19:31.299866+00', NULL),
  ('d487866f-ca1a-462d-9a42-f8d8c11f6438', 'c9515810-78e5-4401-a55b-da76431a829d', 'BMD', false, NULL, '78', '2021-02-25 17:19:31.299866+00', NULL),
  ('3453ae8f-ed68-4a6d-89e1-2b8856bcdab5', 'c9515810-78e5-4401-a55b-da76431a829d', 'DVO', false, NULL, '78', '2021-02-25 17:19:31.299866+00', NULL),
  ('e354ec0d-fce1-416d-a648-4dbe244ce1eb', NULL, 'DATEV', true, NULL, '506', '2021-02-25 17:19:31.299866+00', '7c9ee633-2842-47a2-9bbf-58114fa5a052'),
  ('a19e4dd6-8cdb-4ba5-8283-6a933bb1990d', NULL, 'DATEV', false, NULL, '6506', '2021-02-25 17:19:31.299866+00', '7c9ee633-2842-47a2-9bbf-58114fa5a052'),
  ('dbad622a-e316-4761-aabb-523752bc5b1d', NULL, 'DATEV', true, NULL, '506', '2021-02-25 17:19:31.299866+00', '8901eb27-4763-40b7-b587-abf5bcf7583b'),
  ('29239f1c-81f9-41b1-8b83-9a7b216f9390', NULL, 'DATEV', false, NULL, '6506', '2021-02-25 17:19:31.299866+00', '8901eb27-4763-40b7-b587-abf5bcf7583b'),
  ('f96accfd-3a74-48f3-9a97-d55fabf12821', '728089ae-8066-4eed-8a18-dfc4333fc84d', 'BMD', true, NULL, '79', '2021-02-25 17:19:31.299866+00', NULL),
  ('0487ada0-60a0-4eb8-8e4b-009426eb909a', '728089ae-8066-4eed-8a18-dfc4333fc84d', 'DVO', true, NULL, '79', '2021-02-25 17:19:31.299866+00', NULL),
  ('3a9585b8-7e29-421a-b527-056e2063df75', '728089ae-8066-4eed-8a18-dfc4333fc84d', 'BMD', false, NULL, '78', '2021-02-25 17:19:31.299866+00', NULL),
  ('8e690058-4a97-4a2b-bf39-9fbf3d609e5e', '728089ae-8066-4eed-8a18-dfc4333fc84d', 'DVO', false, NULL, '78', '2021-02-25 17:19:31.299866+00', NULL),
  ('94ee5637-9dc7-446f-8254-ad48ae472244', 'b5d08278-858f-42fa-9616-3270d4ad81da', 'DATEV', true, NULL, '49', '2021-02-25 17:19:31.299866+00', NULL),
  ('3e79fa1c-8ba0-4d94-9ef5-8b654565dcac', NULL, 'AGENDA', true, NULL, '4', '2024-01-24 00:00:00+00', '0f9ec62c-b4ae-47b1-a553-3169b36ddc18'),
  ('0005a22a-f9a0-4499-9c74-51970119c7e7', NULL, 'AGENDA', true, NULL, '3', '2024-01-24 00:00:00+00', '2d919a0a-368b-4582-9047-dac1bb3d9fac'),
  ('a985b433-ff82-4b06-94b4-39fb75ed46e2', NULL, 'AGENDA', true, NULL, '4', '2024-01-24 00:00:00+00', '79f4dd94-1c7d-47aa-a661-5957c36320f4'),
  ('287b072e-9e54-48b4-aca9-c92024666d55', '1fcc6bb6-d26a-4082-bf92-0c22bf1bd15f', 'RZL', true, NULL, '1/06', '2022-07-01 13:37:23.369631+00', NULL),
  ('45d3d71e-d571-4830-9741-c284a05d5a18', '1fcc6bb6-d26a-4082-bf92-0c22bf1bd15f', 'RZL', false, NULL, '1/05', '2022-07-01 13:37:23.369631+00', NULL),
  ('b598e16f-de04-44e5-b148-9e56114ff234', '7108da6d-0dd9-4925-8de2-ce2c57c1801e', 'RZL', true, NULL, '1/26', '2022-07-01 13:37:23.369631+00', NULL),
  ('72332a10-df37-45ef-9251-0c9c073a1507', '7108da6d-0dd9-4925-8de2-ce2c57c1801e', 'RZL', false, NULL, '1/27', '2022-07-01 13:37:23.369631+00', NULL),
  ('a151fdfb-2352-4af3-a560-f4357a0d23e0', 'aa3ea0e0-1ff4-4c13-b580-afc45eb9cc7c', 'RZL', true, NULL, '1/24', '2022-07-01 13:37:23.369631+00', NULL),
  ('b62a4482-4f13-44ff-a35c-2cb890291aed', 'aa3ea0e0-1ff4-4c13-b580-afc45eb9cc7c', 'RZL', false, NULL, '1/25', '2022-07-01 13:37:23.369631+00', NULL),
  ('b6caaf97-7c14-4b7a-8bef-1cd042c31ced', 'a071f63a-f8a4-4d6e-956e-4ad62ed6bcff', 'RZL', true, NULL, '1/05', '2022-07-01 13:37:23.369631+00', NULL),
  ('1c257f9d-9653-49cf-8174-9fbfb4a7f842', 'a071f63a-f8a4-4d6e-956e-4ad62ed6bcff', 'RZL', false, NULL, '1/06', '2022-07-01 13:37:23.369631+00', NULL),
  ('ad3eb905-7a8d-4e03-99f3-5ba3b61f4132', 'c9515810-78e5-4401-a55b-da76431a829d', 'RZL', true, NULL, '1/05', '2022-07-01 13:37:23.369631+00', NULL),
  ('40bed068-01da-4019-862b-eec64e942502', 'c9515810-78e5-4401-a55b-da76431a829d', 'RZL', false, NULL, '1/06', '2022-07-01 13:37:23.369631+00', NULL),
  ('bc5a133d-a563-48e0-a794-4e56c1b9c649', NULL, 'AGENDA', true, NULL, '2', '2024-01-24 00:00:00+00', '00e222f4-a3e2-4780-9f70-edb09dc9d705'),
  ('efa57720-bab2-4b9b-94d6-c2af7a9dce66', NULL, 'AGENDA', true, NULL, '5', '2024-01-24 00:00:00+00', 'f1c781d4-1666-4b26-8cbb-ea9ea11d6bb9'),
  ('6b48f0e3-a0d1-40ee-beee-da6e8b746b5b', NULL, 'AGENDA', true, NULL, '3', '2024-01-24 00:00:00+00', '6f13f42b-8708-4fa9-a3be-6caa6ed3a77a'),
  ('c9ee1b65-c370-4bf9-85dd-c0abeba346e9', '03b3a9fb-12f9-486e-8c2a-0e2fd658f5af', 'AGENDA', true, NULL, '1', '2024-01-24 00:00:00+00', NULL),
  ('7dd2d588-993e-4a21-aab7-4eca8a3f94e1', '9809d4d0-d2d0-47e0-b342-b6b65ff75582', 'RZL', true, NULL, '1/07', '2022-07-01 13:37:23.369631+00', NULL),
  ('1f407aa1-3444-44f6-957e-7bb8b4329a0a', '9809d4d0-d2d0-47e0-b342-b6b65ff75582', 'RZL', false, NULL, '1/08', '2022-07-01 13:37:23.369631+00', NULL),
  ('79f53a98-e583-4629-a89d-4731f45608b5', 'c4bcbd89-532d-45e9-a81f-addb3b170127', 'AGENDA', true, NULL, '1', '2024-01-24 00:00:00+00', NULL),
  ('d1fa95e0-7ca1-48de-8442-ec40252c8eea', '626772c4-87ee-4d97-9f56-6fb7017753e8', 'AGENDA', true, NULL, '1', '2024-01-24 00:00:00+00', NULL),
  ('198c3f5c-e5aa-4570-b380-811516212318', '38872f7e-c741-4bb5-8028-84b8f1c65cad', 'AGENDA', true, NULL, '1', '2024-01-24 00:00:00+00', NULL),
  ('4fbb94cd-b235-4ca5-9724-7f64cdae5d12', 'fe87a34f-ec45-4c96-bbca-8154385b4cb7', 'RZL', false, NULL, '3/04', '2022-07-01 13:37:23.369631+00', NULL),
  ('10a1adbe-78e6-44cc-a454-10a8235eb10e', '373c9d73-ca2e-4653-8521-a0ba0c48811c', 'RZL', false, NULL, '2/22', '2022-07-01 13:37:23.369631+00', NULL),
  ('2e75b090-92fe-4070-8fff-781ead1af9ff', 'e6ca804a-3896-467a-9f1a-31cc6b4f71ce', 'RZL', true, NULL, '1/05', '2022-07-01 13:37:23.369631+00', NULL),
  ('710cddd2-4121-46a1-a87b-16a1ffc93e70', 'e6ca804a-3896-467a-9f1a-31cc6b4f71ce', 'RZL', false, NULL, '1/06', '2022-07-01 13:37:23.369631+00', NULL),
  ('75e69a9e-564b-4bc9-a1d9-b0dd148c2b31', '43ba7dd9-789c-4b6a-9f06-9c3aa5032965', 'RZL', true, NULL, '1/05', '2022-07-01 13:37:23.369631+00', NULL),
  ('c75586d3-c474-4ab6-b936-48d16bd2c794', '43ba7dd9-789c-4b6a-9f06-9c3aa5032965', 'RZL', false, NULL, '1/06', '2022-07-01 13:37:23.369631+00', NULL),
  ('f704897c-56de-4a73-bd1a-f1c81a28b85d', '191f43f9-812d-44d6-9ac4-f820153fdf62', 'RZL', true, NULL, '1/05', '2022-07-01 13:37:23.369631+00', NULL),
  ('a9af3540-07ee-4625-bc81-8f95f5ce2ea9', '191f43f9-812d-44d6-9ac4-f820153fdf62', 'RZL', false, NULL, '1/06', '2022-07-01 13:37:23.369631+00', NULL),
  ('e6ef18ec-4948-49c9-8740-e5c7708c3c61', 'dd8487dc-81e6-4654-bac5-a085d25c7d0b', 'RZL', true, NULL, '1/05', '2022-07-01 13:37:23.369631+00', NULL),
  ('298ca94d-5664-4ee0-bf05-f856e9d2d15f', 'dd8487dc-81e6-4654-bac5-a085d25c7d0b', 'RZL', false, NULL, '1/06', '2022-07-01 13:37:23.369631+00', NULL),
  ('66a28365-3a27-484a-9029-cf76566a0e84', '66e9bce0-55aa-45a6-b388-03f885772cff', 'RZL', true, NULL, '1', '2021-10-19 08:51:14.050752+00', NULL),
  ('9eb9a86c-72ce-47ec-b574-a6835f7c51e0', '43136e14-4334-4ee8-bfe1-080634e631de', 'RZL', true, NULL, '1/28', '2022-07-01 13:37:23.369631+00', NULL),
  ('71dae132-8077-4681-bb41-0f4119424aee', '03b3a9fb-12f9-486e-8c2a-0e2fd658f5af', 'RZL', true, NULL, '2', '2022-07-01 13:37:23.369631+00', NULL),
  ('e9c2fb3f-a9b6-4269-9439-e6599b531768', '626772c4-87ee-4d97-9f56-6fb7017753e8', 'RZL', true, NULL, '2/19', '2022-07-01 13:37:23.369631+00', NULL),
  ('0f330580-5ac2-456c-a6e1-eba4f62246dd', '898cfd35-2c1f-4733-adc7-c934edd3e8a8', 'RZL', true, NULL, '2/03', '2022-07-01 13:37:23.369631+00', NULL),
  ('8a29a8d1-5cf9-4282-93fc-f3489f65d2ad', '52eb0ebd-f5bf-490b-a495-f1d9279cefbb', 'RZL', true, NULL, '3', '2022-07-01 13:37:23.369631+00', NULL),
  ('d068d8b1-9e85-4021-b23c-c65cfb1766ce', 'b46b1b19-82d2-4d25-b777-b202bb6d13b3', 'RZL', true, NULL, '4', '2022-07-01 13:37:23.369631+00', NULL),
  ('9959f885-3fbd-44eb-9967-c55ce340cc1f', 'b510fee8-b2a4-48c5-b0b5-1e8310dbaeb8', 'RZL', true, NULL, '4/23', '2022-07-01 13:37:23.369631+00', NULL),
  ('1dcc37ae-5eff-406f-8e0b-62d99d8bd43b', '3226c276-45ca-4af7-a262-df3e03969748', 'RZL', true, NULL, '4/23', '2022-07-01 13:37:23.369631+00', NULL),
  ('0ba68b4c-7f85-4c3f-9cbc-a415901466c0', '9e55209b-577a-4f36-b737-2c22449fe81e', 'RZL', true, NULL, '2/21', '2022-07-01 13:37:23.369631+00', NULL),
  ('740de2b9-5d8e-40af-9738-ba16f01f88c6', '2d369849-9b49-455f-a734-3b55987cab16', 'RZL', true, NULL, '2', '2022-07-01 13:37:23.369631+00', NULL),
  ('7733e09e-4bd5-44af-852e-4c4b7053d371', 'adeefcff-5e8c-474c-8747-44b0a548ed56', 'RZL', true, NULL, '2/02', '2022-07-01 13:37:23.369631+00', NULL),
  ('e7f6de82-bdab-4829-814e-a81280dd985c', '906f0273-0a92-4ad7-bd0a-12b045307055', 'RZL', true, NULL, '2/19', '2022-07-01 13:37:23.369631+00', NULL),
  ('80281fb6-d1dd-473e-a0d8-fd85f3971039', '0d99d941-245c-4b25-823b-2f499c38ce11', 'RZL', true, NULL, '2/14', '2022-07-01 13:37:23.369631+00', NULL),
  ('39e21e81-0f2e-47ed-a755-66291c261ad0', 'a989609c-21db-4ef1-bf0d-231d45461e80', 'RZL', true, NULL, '2/20', '2022-07-01 13:37:23.369631+00', NULL),
  ('8697f350-6415-490f-8353-9d7bf4c91c4e', '2b158ebf-f347-4da8-beb0-fe2b4dbe7769', 'RZL', true, NULL, '1/05', '2022-07-01 13:37:23.369631+00', NULL),
  ('8dedcb39-bb1e-47a6-8023-1c7246bebf73', 'aad1ef4b-7a7f-424f-90ec-c290da6bb2d4', 'RZL', true, NULL, '1/06', '2022-07-01 13:37:23.369631+00', NULL),
  ('9b2471b8-4b02-42e1-b022-3c42fd341aa5', '36dd5d36-d03b-43ec-8780-33ec0c49e52c', 'RZL', true, NULL, '1/05', '2022-07-01 13:37:23.369631+00', NULL),
  ('c76c8dfd-0084-45ff-b021-ad5dafec49b6', '5be0fc7d-9285-472e-90b6-99a154631a14', 'RZL', true, NULL, '2/14', '2022-07-01 13:37:23.369631+00', NULL),
  ('4b0bb22e-3082-49aa-aca9-7b3979be913a', 'ba427baf-72a7-4cae-8b40-84ac5ff0e276', 'RZL', true, NULL, '2/14', '2022-07-01 13:37:23.369631+00', NULL),
  ('e9e96096-ad3a-4005-902f-e7e5cc2f1c50', 'ef7d3c27-dfb9-4f00-a55d-a3f020c41e97', 'RZL', true, NULL, '2/14', '2022-07-01 13:37:23.369631+00', NULL),
  ('1287e9c9-62df-400c-a444-5e6bf98fee9e', '806e79ea-cd47-4aa6-a435-8e4f538fbc6e', 'RZL', true, NULL, '2/14', '2022-07-01 13:37:23.369631+00', NULL),
  ('5788baaf-a7ec-4c94-8e67-c44aa3b0cc2d', '63df9fdd-34eb-4854-81de-d944f72bb5a8', 'RZL', true, NULL, '2/14', '2022-07-01 13:37:23.369631+00', NULL),
  ('15b273d3-5345-4d5e-b79e-0e6fbbe49f27', 'fe87a34f-ec45-4c96-bbca-8154385b4cb7', 'RZL', true, NULL, '3', '2023-01-18 16:09:19.830819+00', NULL),
  ('ed5697fb-b5a2-4514-8d05-b800f4a8124a', '610eda2e-4dce-46cf-81af-4d38cfe1db1e', 'RZL', true, NULL, '2/14', '2023-01-19 11:57:49.149218+00', NULL),
  ('8fd508f2-472e-4317-af5f-535613f18e03', '66e9bce0-55aa-45a6-b388-03f885772cff', 'RZL', false, NULL, '1/28', '2023-01-19 11:57:49.149218+00', NULL),
  ('0295db5e-6e61-4f44-85c2-06a29d1cba29', 'c457df17-bb1c-4930-9f53-b4b51f2201d0', 'DATEV', true, NULL, 'VAT_I_OOP', '2023-02-22 17:41:26.096681+00', NULL),
  ('6f15bf63-6311-422f-997c-fd659d7a87d7', '1de69fc3-4b00-4730-9c5b-399201e26d77', 'DATEV', true, NULL, 'OOP_EU', '2023-02-22 17:41:26.096681+00', NULL),
  ('2e59ccb4-92e2-4a60-8440-9224895ecfaf', '30119daa-85fc-42b1-81e2-524967452c31', 'DATEV', true, NULL, 'EINF-UST', '2023-02-22 17:41:26.096681+00', NULL),
  ('9356c8fd-73b4-464b-905d-5765dedc8d72', 'fafd2d46-d601-465f-b000-bbdbbfc05af7', 'DATEV', true, NULL, 'OOP_NON-EU', '2023-02-22 17:41:26.096681+00', NULL),
  ('a677ec87-985a-40af-8029-e0c2307bafa2', '1722e2e7-5df9-4e4a-828e-33ce39aad399', 'DATEV', true, NULL, 'RC_EU', '2023-02-22 17:41:26.096681+00', NULL),
  ('c08d651b-0548-4080-8be8-1248b547caa4', '8aa33aee-786b-4b0f-a980-d08f3e91356d', 'DATEV', true, NULL, 'IGE', '2023-02-22 17:41:26.096681+00', NULL),
  ('8aae9590-2153-46df-858d-546fffbca989', 'c0bdf765-274c-4708-86bf-3619438d66ea', 'DATEV', true, NULL, 'RC_NON_EU', '2023-03-23 14:49:00.668472+00', NULL),
  ('12434308-3a49-4060-a106-6ddefe4494bc', 'e77d686e-92f2-4c96-a5c1-b7c912327e90', 'RZL', true, NULL, '1/15', '2023-04-26 12:57:32.061034+00', NULL),
  ('87a97909-091a-459f-ab0e-3721de02496c', 'e77d686e-92f2-4c96-a5c1-b7c912327e90', 'RZL', false, NULL, '1/16', '2023-04-26 12:57:32.061034+00', NULL),
  ('f478ffdb-a821-49ba-bcc3-e2e5ddd2dd89', '0866f8fa-0916-4628-9f56-93e8c57ebd17', 'DATEV', true, NULL, 'VAT_I_S', '2023-02-22 17:41:26.096681+00', NULL),
  ('c0d0839e-8365-4e93-a270-2abbcff95b77', 'bfebbcd9-9b97-4eb8-b81a-4ef48dcc9404', 'DATEV', true, NULL, 'VAT_I_E', '2023-05-22 12:17:19.774796+00', NULL),
  ('9edbdcd2-3652-4f9d-8afc-c65c7cf12a47', '906f0273-0a92-4ad7-bd0a-12b045307055', 'AGENDA', true, NULL, '1', '2024-01-24 00:00:00+00', NULL),
  ('e02b458b-3936-4f7b-acdd-0712c02eab95', '97fbe0fb-076f-4c27-aa08-e453551e4557', 'AGENDA', true, NULL, '1', '2024-01-24 00:00:00+00', NULL),
  ('ea0f1a8b-8b90-490d-8e4e-0badf6f4a547', '2d369849-9b49-455f-a734-3b55987cab16', 'AGENDA', true, NULL, '11', '2024-01-24 00:00:00+00', NULL),
  ('8247fb97-0759-47a0-997f-29e6c77ee1a3', '4e143f18-bc16-48c1-bf1d-1e1609fbbadc', 'AGENDA', true, NULL, '11', '2024-01-24 00:00:00+00', NULL),
  ('c3818645-06f6-49dd-8660-9f6233c1e24b', '610eda2e-4dce-46cf-81af-4d38cfe1db1e', 'AGENDA', true, NULL, '47', '2024-01-24 00:00:00+00', NULL),
  ('8a7be5d9-2f32-4330-9c45-3f42e6cc87b0', 'd053ec47-27d1-4d92-b484-596e33789f3a', 'AGENDA', true, NULL, '47', '2024-01-24 00:00:00+00', NULL),
  ('a8ce89f1-5582-4e04-9b63-20bbf85ec3a7', '5be0fc7d-9285-472e-90b6-99a154631a14', 'AGENDA', true, NULL, '46', '2024-01-24 00:00:00+00', NULL),
  ('dfae8394-4dd0-4569-bfb7-65d91fcf0db7', '457f3613-c08c-46c5-a448-ba9641c00ce7', 'AGENDA', true, NULL, '46', '2024-01-24 00:00:00+00', NULL),
  ('0ebdfb86-9ad1-4500-b69a-6f435dc934f3', '806e79ea-cd47-4aa6-a435-8e4f538fbc6e', 'AGENDA', true, NULL, '46', '2024-01-24 00:00:00+00', NULL),
  ('132f392d-6ae7-41e6-bf1f-168ccbdbf9c9', 'f93c27f5-30d1-470c-a313-5bab130144b6', 'AGENDA', true, NULL, '46', '2024-01-24 00:00:00+00', NULL),
  ('06cf4ad0-5de8-4eb0-9f73-10b436020105', 'ba427baf-72a7-4cae-8b40-84ac5ff0e276', 'AGENDA', true, NULL, '46', '2024-01-24 00:00:00+00', NULL),
  ('ea273e6a-b0b0-43f3-90e1-2affdea2c7a8', '580a446c-f4bb-4816-883c-e09b7678ded6', 'AGENDA', true, NULL, '46', '2024-01-24 00:00:00+00', NULL),
  ('2c3a4e8f-7fdf-4b83-af3d-dd1739040ba5', 'ef7d3c27-dfb9-4f00-a55d-a3f020c41e97', 'AGENDA', true, NULL, '46', '2024-01-24 00:00:00+00', NULL),
  ('a46d4396-a330-4871-99e0-f05ef234a100', 'c097991b-9cb2-4a1c-80f8-f59941c8d50c', 'AGENDA', true, NULL, '46', '2024-01-24 00:00:00+00', NULL),
  ('a54d98de-7d3a-4c94-a2cc-3b247ef95bd1', '63df9fdd-34eb-4854-81de-d944f72bb5a8', 'AGENDA', true, NULL, '46', '2024-01-24 00:00:00+00', NULL),
  ('1c047d6c-d5a1-461d-a7ab-8957856dbb34', '2eae60ea-c50c-44fb-9842-7da0cb826c45', 'AGENDA', true, NULL, '46', '2024-01-24 00:00:00+00', NULL),
  ('92e93d11-ccfa-49e1-a75d-4b00ff889002', 'fdc77ded-af73-4602-903e-e9f11195cf47', 'AGENDA', true, NULL, '201', '2024-01-24 00:00:00+00', NULL),
  ('8141a6ad-aec9-4952-b516-ee66f2976ad9', '8cbc9d18-5b44-4ce9-89bd-fce4c6781349', 'AGENDA', true, NULL, '44', '2024-01-24 00:00:00+00', NULL),
  ('7b79390c-1501-462c-88e1-68f57ee8183a', '21e132b9-6345-4821-875b-9630b1cfab52', 'AGENDA', true, NULL, '44', '2024-01-24 00:00:00+00', NULL),
  ('673460a7-ed39-4041-8b65-2c5310952c83', NULL, 'AGENDA', true, NULL, '8', '2024-01-24 00:00:00+00', '7634e886-ffde-41d0-9d61-c02cf4c667ea'),
  ('41f430a6-6312-4846-8a33-e4f59416cae7', NULL, 'AGENDA', true, NULL, '6', '2024-01-24 00:00:00+00', '3034f7db-1ae6-4090-8b35-563410883b69'),
  ('15003b4a-9004-4654-b7ef-78076157403a', NULL, 'AGENDA', true, NULL, '9', '2024-01-24 00:00:00+00', '577810be-95b7-410b-9589-daa34c192a0e'),
  ('19ceb078-ca9e-4831-a47d-201a4e672143', NULL, 'AGENDA', true, NULL, '6', '2024-01-24 00:00:00+00', '819727d6-ee76-47b0-a0ff-cb7aa8c2f29e'),
  ('9f4f2609-2fd7-4914-a9c8-d6945c198c12', NULL, 'AGENDA', true, NULL, '8', '2024-01-24 00:00:00+00', '00e084f6-a852-48e9-91d1-c7738524cb80'),
  ('6584e50f-50a3-4895-8f85-94826d62f4bb', NULL, 'AGENDA', true, NULL, '7', '2024-01-24 00:00:00+00', '10ee5f80-78bc-4090-932c-6daccbd37cb0'),
  ('892fd0eb-756c-4301-a03a-3adb4280ce2c', NULL, 'AGENDA', true, NULL, '9', '2024-01-24 00:00:00+00', '09047331-e649-4f4d-a92e-ef52da04c301'),
  ('297b6e20-bcce-41a4-9dac-70143e99e75c', NULL, 'AGENDA', true, NULL, '18', '2024-01-24 00:00:00+00', '09c89d00-3d3a-4f6f-b2c9-01c3c9d6f4f0'),
  ('84555e28-abee-41b4-92e5-eab91301213f', NULL, 'AGENDA', true, NULL, '16', '2024-01-24 00:00:00+00', '6d3ce997-ecc3-4995-b3dc-63ee25e3fadd'),
  ('414ec03c-6dec-4856-8b15-b681d7f8ced1', NULL, 'AGENDA', true, NULL, '19', '2024-01-24 00:00:00+00', 'c8a8d3f7-d464-4af3-952a-7a3539156a80'),
  ('3c5e8cd5-0988-4157-8939-ed940fafc897', NULL, 'AGENDA', true, NULL, '16', '2024-01-24 00:00:00+00', '7f40dae2-5657-4f88-b164-e242fcdf1c71'),
  ('41bca093-56c2-4b86-baf4-2dae6c02ef2e', NULL, 'AGENDA', true, NULL, '18', '2024-01-24 00:00:00+00', 'ba319d6d-760a-4989-8838-4b6393bcfcc8'),
  ('9c5712d6-4b15-48f6-8614-7e04ddc4bd13', NULL, 'AGENDA', true, NULL, '17', '2024-01-24 00:00:00+00', 'b8b7a171-7b58-46b5-a942-30fe5cdb7675'),
  ('1b19a6a0-86f4-4a74-a6fb-9ce1b3764be7', NULL, 'AGENDA', true, NULL, '19', '2024-01-24 00:00:00+00', 'aac9cec1-f80d-44e2-9d74-4ee448013762'),
  ('4b0325b3-909d-4a48-a65f-a1e6eb369b27', NULL, 'AGENDA', false, NULL, '6506', '2024-01-24 00:00:00+00', '6c0f2abc-44ef-479f-8b9b-170bfbc8d06f'),
  ('06beadeb-5322-480d-994c-f2ac93293398', NULL, 'AGENDA', false, NULL, '6511', '2024-01-24 00:00:00+00', '1d9a53f5-dafd-4e19-ab90-8a61ee5d5f40'),
  ('2fe5e3a8-de86-459a-abbb-5903071d963f', NULL, 'AGENDA', false, NULL, '6511', '2024-01-24 00:00:00+00', '387e3c3f-5106-4a4f-aebc-16d6e32e7a43'),
  ('02f9a553-d1b4-4419-bff8-d4f9dbcc15a4', NULL, 'AGENDA', false, NULL, '6511', '2024-01-24 00:00:00+00', 'c3e22b0f-28ab-4b40-8573-529fbf92f4ec'),
  ('a1ac7e50-a553-4e94-bffd-bfd29dd925c0', NULL, 'AGENDA', false, NULL, '6526', '2024-01-24 00:00:00+00', '9547735b-c55b-4f3d-b631-0b127f716747'),
  ('b17b9381-ab42-4da6-8a3f-605823e1fc10', NULL, 'AGENDA', false, NULL, '6526', '2024-01-24 00:00:00+00', '0682147c-d0a4-4666-91be-9f5c398cf5fb'),
  ('759b376f-bbff-40e1-9d6f-d7ef61b31866', NULL, 'AGENDA', true, NULL, '551', '2024-01-24 00:00:00+00', 'af93ae6b-bd66-4527-893b-e555efdcc776'),
  ('e56c7a13-0c44-4293-ad04-ba29f386bbd3', NULL, 'AGENDA', false, NULL, '6551', '2024-01-24 00:00:00+00', 'af93ae6b-bd66-4527-893b-e555efdcc776'),
  ('9dc90c63-d41c-4c5b-942e-a8516d921370', NULL, 'AGENDA', true, NULL, '551', '2024-01-24 00:00:00+00', 'f6c2d0aa-26ba-43e2-a938-dc5150ab31b3'),
  ('e8f2efd2-366a-4be9-a6ab-0c279c99a436', NULL, 'AGENDA', false, NULL, '6551', '2024-01-24 00:00:00+00', 'f6c2d0aa-26ba-43e2-a938-dc5150ab31b3'),
  ('66f15a89-d1ff-4e01-a9c6-0f8cb6f315c7', NULL, 'AGENDA', false, NULL, '6516', '2024-01-24 00:00:00+00', 'e11e1d8e-60ed-4a41-98ae-74146201c878'),
  ('c7b1af51-3ad2-4e70-972e-0e9690fb13b4', NULL, 'AGENDA', false, NULL, '6516', '2024-01-24 00:00:00+00', '7264f173-bff2-4e36-944d-f6c23f6d400a'),
  ('347a60e2-a9a8-4436-b5ab-9f8b6686c9e9', NULL, 'AGENDA', false, NULL, '6516', '2024-01-24 00:00:00+00', 'dcad8361-6c7f-4b85-abb9-54cf3194bb42'),
  ('411f097c-38ce-4093-916e-b99e40fba5e1', NULL, 'AGENDA', true, NULL, '521', '2024-01-24 00:00:00+00', 'ff976248-5482-45df-8e83-26c3a57ff0e6'),
  ('a85fd93a-8787-4d3c-8681-2842d6f5edad', NULL, 'AGENDA', false, NULL, '6521', '2024-01-24 00:00:00+00', 'ff976248-5482-45df-8e83-26c3a57ff0e6'),
  ('2ca4e7a6-74ea-4ebd-8e4d-834b7bebe8a8', NULL, 'AGENDA', false, NULL, '6531', '2024-01-24 00:00:00+00', 'd69f707e-32eb-4a3d-8f15-bc122e0778e8'),
  ('87b44699-81f1-4c4d-9027-47c9bec368df', NULL, 'AGENDA', false, NULL, '6531', '2024-01-24 00:00:00+00', 'fb86736c-efd1-4948-ab48-02bff60ea32b'),
  ('c3362dca-2864-4d77-8032-a3f5e28593c3', NULL, 'AGENDA', false, NULL, '6526', '2024-01-24 00:00:00+00', 'ed264575-4a73-4b05-b2c3-a2b06d25c6ce'),
  ('d33b173b-c26f-4ad3-a4ea-4ea28e15f2f2', NULL, 'AGENDA', false, NULL, '6546', '2024-01-24 00:00:00+00', 'af869a1c-029a-4a10-b1ec-fec0276e0ad6'),
  ('33fd716b-7b90-48c3-99d1-efb63cd04dd7', NULL, 'AGENDA', false, NULL, '6546', '2024-01-24 00:00:00+00', 'd3d0b309-9e1f-41f5-8720-05e7b630698b'),
  ('a7cd5d38-c583-4713-a08d-792fa190a046', NULL, 'AGENDA', false, NULL, '6531', '2024-01-24 00:00:00+00', '691fccd9-a613-479a-9928-7934583d04be'),
  ('3ce19f0a-b858-4cd7-9caa-b5c20b9528c3', NULL, 'AGENDA', false, NULL, '6541', '2024-01-24 00:00:00+00', '395b8743-25e3-4d97-ab1a-3f767aa65345'),
  ('fde5659b-8a73-4b82-a12d-b35a596b521c', NULL, 'AGENDA', false, NULL, '6541', '2024-01-24 00:00:00+00', '88b7a89a-8cf3-42a7-bbd2-1a4139ddbb26'),
  ('7641ebec-4265-4595-a722-5807998bdfd5', NULL, 'AGENDA', false, NULL, '6561', '2024-01-24 00:00:00+00', '48f70454-a7e5-4d34-9f1d-1993341f96b9'),
  ('d0bd59ba-e3ca-4475-84d6-d857d6e48aae', NULL, 'AGENDA', false, NULL, '6561', '2024-01-24 00:00:00+00', '3e04bf23-83e7-4321-a2d5-5e94d47d3fca'),
  ('79e46b43-2e3a-4f8c-b66d-86e1159b774f', NULL, 'AGENDA', false, NULL, '6541', '2024-01-24 00:00:00+00', '4cafd337-6bf6-49e7-a665-7aa1dc6a2c8c'),
  ('d57d30a9-1078-45ae-b69d-0aa369ddbc8a', NULL, 'AGENDA', false, NULL, '6506', '2024-01-24 00:00:00+00', '7c9ee633-2842-47a2-9bbf-58114fa5a052'),
  ('7e624e0e-22eb-4323-ade6-574e99db562e', NULL, 'AGENDA', false, NULL, '6506', '2024-01-24 00:00:00+00', '8901eb27-4763-40b7-b587-abf5bcf7583b'),
  ('5f5f272b-358a-4cc1-801c-7ffa1bb86710', 'b5d08278-858f-42fa-9616-3270d4ad81da', 'AGENDA', true, NULL, '49', '2024-01-24 00:00:00+00', NULL),
  ('11222a93-fe35-4ef2-9f23-35c9b6146740', NULL, 'AGENDA', true, NULL, '94', '2024-01-24 00:00:00+00', '1d9a53f5-dafd-4e19-ab90-8a61ee5d5f40'),
  ('f22107db-eb5c-4bc8-8b28-206d7b58181a', NULL, 'AGENDA', true, NULL, '94', '2024-01-24 00:00:00+00', '387e3c3f-5106-4a4f-aebc-16d6e32e7a43'),
  ('fcf713ba-b4d4-40d6-b6d9-12b21e8dc040', NULL, 'AGENDA', true, NULL, '94', '2024-01-24 00:00:00+00', 'c3e22b0f-28ab-4b40-8573-529fbf92f4ec'),
  ('95a36b54-fc1c-4a37-a244-112a1f1a483e', NULL, 'AGENDA', true, NULL, '94', '2024-01-24 00:00:00+00', 'e11e1d8e-60ed-4a41-98ae-74146201c878'),
  ('1d203f2e-3252-4653-af52-d2a9e9fc7af1', NULL, 'AGENDA', true, NULL, '94', '2024-01-24 00:00:00+00', '7264f173-bff2-4e36-944d-f6c23f6d400a'),
  ('19a7259a-1220-481a-88cd-ab6a33e31000', NULL, 'AGENDA', true, NULL, '94', '2024-01-24 00:00:00+00', 'dcad8361-6c7f-4b85-abb9-54cf3194bb42'),
  ('3c486676-419b-43e7-bc90-adfc6831957e', NULL, 'AGENDA', true, NULL, '94', '2024-01-24 00:00:00+00', '9547735b-c55b-4f3d-b631-0b127f716747'),
  ('b54483bf-218c-450c-8de2-d1c5e5eda74e', NULL, 'AGENDA', true, NULL, '94', '2024-01-24 00:00:00+00', '0682147c-d0a4-4666-91be-9f5c398cf5fb'),
  ('757672b3-42e9-42da-a2cf-eeec4d4a013e', NULL, 'AGENDA', true, NULL, '94', '2024-01-24 00:00:00+00', 'ed264575-4a73-4b05-b2c3-a2b06d25c6ce'),
  ('99e695cb-132d-4134-a46b-dca2955d83bd', NULL, 'AGENDA', true, NULL, '94', '2024-01-24 00:00:00+00', 'd69f707e-32eb-4a3d-8f15-bc122e0778e8'),
  ('e404055a-c7af-43f1-aa33-b62cdec197d5', NULL, 'AGENDA', true, NULL, '94', '2024-01-24 00:00:00+00', 'fb86736c-efd1-4948-ab48-02bff60ea32b'),
  ('babddeff-b28e-4ce3-8c45-2ff1fb82c1ba', NULL, 'AGENDA', true, NULL, '94', '2024-01-24 00:00:00+00', '691fccd9-a613-479a-9928-7934583d04be'),
  ('371d8ba6-1031-40c8-b96e-e6346cecf2bc', NULL, 'AGENDA', true, NULL, '94', '2024-01-24 00:00:00+00', 'af869a1c-029a-4a10-b1ec-fec0276e0ad6'),
  ('29df0485-faa2-4c73-9c50-9dd14770713c', NULL, 'AGENDA', true, NULL, '94', '2024-01-24 00:00:00+00', 'd3d0b309-9e1f-41f5-8720-05e7b630698b'),
  ('676d987f-b577-489f-a882-d2111bc873c4', NULL, 'AGENDA', true, NULL, '94', '2024-01-24 00:00:00+00', '395b8743-25e3-4d97-ab1a-3f767aa65345'),
  ('f9ef6b70-3a33-421f-96f5-2b75da0b5572', NULL, 'AGENDA', true, NULL, '94', '2024-01-24 00:00:00+00', '88b7a89a-8cf3-42a7-bbd2-1a4139ddbb26'),
  ('e26c8e11-9bd0-4923-a8b2-dabaea4f8165', NULL, 'AGENDA', true, NULL, '94', '2024-01-24 00:00:00+00', '4cafd337-6bf6-49e7-a665-7aa1dc6a2c8c'),
  ('a7aefda5-56a1-4d14-a2e7-b759eb3c5160', NULL, 'AGENDA', true, NULL, '94', '2024-01-24 00:00:00+00', '48f70454-a7e5-4d34-9f1d-1993341f96b9'),
  ('4c97cb8d-0d72-481c-b807-a4acf20a8f2f', NULL, 'AGENDA', true, NULL, '94', '2024-01-24 00:00:00+00', '3e04bf23-83e7-4321-a2d5-5e94d47d3fca'),
  ('20d5a20a-0d34-45b5-b0ce-6125812c8354', '57c66127-10c4-4692-9655-ee560c7d8c3d', 'DATEV', true, NULL, '50', '2024-06-12 00:00:00+00', NULL),
  ('226c347b-3e55-48d9-876c-a149a3c0776f', 'b529d0e3-3e03-4d50-90eb-d4eaf3adbd47', 'AGENDA', true, NULL, '54', '2024-08-28 00:00:00+00', NULL),
  ('d238bcba-e42d-4852-a851-a59c84c9e035', 'dabd0ae9-74f8-485b-aec7-b3461af1318c', 'BMD', true, NULL, '17', '2025-05-19 00:00:00+00', NULL),
  ('ceadcdb7-75ac-4d77-ae13-597f9653bfe4', '9d57df0f-fc86-4aca-a044-5f378d9cd1ca', 'BMD', true, NULL, '1', '2025-06-05 15:29:29.287455+00', NULL),
  ('378e78f2-e2ea-464b-83a1-7249bc9fbc65', '4add016f-6785-4ef8-bb9e-ab4b352c15ac', 'BMD', true, NULL, '1', '2025-06-05 15:29:29.287455+00', NULL),
  ('cfba7bd6-fc99-4555-8e12-ed972cd0ed16', '13dc3af4-616c-4702-ab19-1ce7c30a5adb', 'BMD', true, NULL, '1', '2025-06-05 15:29:29.287455+00', NULL),
  ('d0e40552-e6f3-48d8-b8ce-eed21be08e34', '3cec9b4d-7523-4c06-86e7-5e14f68a46a8', 'BMD', true, NULL, '1', '2025-06-05 15:29:29.287455+00', NULL),
  ('b99b7ee7-b454-4fe3-93f9-56b0196ba1ec', '157e8fd5-2b12-4d51-8ab9-5aeeac7b68e1', 'BMD', true, NULL, '1', '2025-06-05 15:29:29.287455+00', NULL),
  ('79e9df17-3dff-4144-99c0-48aaa9cf02b0', '75f0b052-277f-4cdf-bfd4-e5f253d3f819', 'BMD', true, NULL, '1', '2025-06-05 15:29:29.287455+00', NULL),
  ('db1a0de6-60aa-40af-aabe-cca903638c0f', '4280f26c-c4ec-4a89-94c3-a64d7f6f06c7', 'BMD', true, NULL, '1', '2025-06-05 15:29:29.287455+00', NULL),
  ('35836627-f196-4903-917a-c5c219a9ac60', '9abe1659-2f2e-4056-bfce-f096177b2c6b', 'BMD', true, NULL, '1', '2025-06-05 15:29:29.287455+00', NULL),
  ('6f5fef9c-6e4c-4963-8476-9cddced99011', 'd7b415eb-c243-45b5-bd31-b76cf991fa1b', 'BMD', true, NULL, '1', '2025-06-05 15:29:29.287455+00', NULL),
  ('214447de-5a29-4f2b-86e3-bcd02ceb791b', 'b5b052b5-b56d-4060-8080-6a975838d586', 'BMD', true, NULL, '1', '2025-06-05 15:29:29.287455+00', NULL),
  ('f83410c2-e223-4d53-b0b8-5b53b0bb9818', '5b96cca0-09b5-45b9-b07a-4c75bf442424', 'BMD', true, NULL, '1', '2025-06-05 15:29:29.287455+00', NULL),
  ('86c0ad4e-f3c5-4ee6-a68b-f98253de5a63', 'dba128c1-b13c-46ef-a536-c3c579845af9', 'BMD', true, NULL, '1', '2025-06-05 15:29:29.287455+00', NULL),
  ('d8ce81bd-884e-4ef6-b11a-14e3c290f13e', '5f292aa2-ff78-4611-a489-0e06c0bd9355', 'BMD', true, NULL, '1', '2025-06-05 15:29:29.287455+00', NULL),
  ('62f28d28-a307-44c9-80b3-714ee57685a9', 'a4e54c31-baad-4f9c-b754-d44642cd69d2', 'BMD', true, NULL, '1', '2025-06-05 15:29:29.287455+00', NULL),
  ('36c4768b-d171-4581-9f1f-f8fdff8f232b', '4d261e5a-e07b-41b4-b8c2-d4e620467802', 'BMD', true, NULL, '1', '2025-06-05 15:29:29.287455+00', NULL),
  ('56c60295-92fc-41c4-a6e3-d304f6822ccf', 'a1f5ff9a-853b-4b80-ba45-c315f98ccebd', 'BMD', true, NULL, '1', '2025-06-05 15:29:29.287455+00', NULL),
  ('a7b39b9d-7276-4bef-bff6-cd4207357717', '3b1b9530-837c-49c8-893b-ce39bbd0011c', 'BMD', true, NULL, '1', '2024-10-22 12:45:32.772668+00', NULL),
  ('b8bc3c31-9b38-44eb-b3ab-17de5a74f32b', '89d65c43-8c33-4bca-b1f9-968c5f824a68', 'BMD', true, NULL, '1', '2024-10-22 12:45:32.772668+00', NULL),
  ('1879e599-581e-4848-85c7-804572091fc8', '9cb03290-1830-41b5-a02f-580d60afb5b0', 'RZL', true, NULL, '1/28', '2024-11-20 10:39:39.810704+00', NULL),
  ('11f3f1e3-6d32-4136-a7fb-e4fc6bcea935', 'f9232dc3-aa25-496e-b2c8-36c56f409dc8', 'RZL', false, NULL, '1/16', '2024-11-20 10:39:39.810704+00', NULL),
  ('d4b3adab-5c1b-4bde-b0e2-df5c9b7d6f4a', 'f9232dc3-aa25-496e-b2c8-36c56f409dc8', 'RZL', true, NULL, '1/15', '2024-11-20 10:39:39.810704+00', NULL),
  ('f29c3026-58b3-40f8-964a-5ecbc723ee9b', 'c4ea90af-cc95-4400-9db3-bf5a5a24e78e', 'RZL', true, NULL, '1/06', '2024-11-20 10:39:39.810704+00', NULL),
  ('8822cd1c-7e93-41ca-a3c3-60df4071f8ea', 'c4ea90af-cc95-4400-9db3-bf5a5a24e78e', 'RZL', false, NULL, '1/05', '2024-11-20 10:39:39.810704+00', NULL),
  ('63ec42d0-1ebc-4d9c-aba7-3a464ab285c3', '90425b2c-35a2-42bc-867c-6eaf17730241', 'RZL', true, NULL, '1/26', '2024-11-20 10:39:39.810704+00', NULL),
  ('17554742-b01f-4299-9430-215a46d96c4f', '90425b2c-35a2-42bc-867c-6eaf17730241', 'RZL', false, NULL, '1/27', '2024-11-20 10:39:39.810704+00', NULL),
  ('e8401498-a025-4aae-82c0-ef6519c1d3be', 'adacca37-9747-43fe-ac0f-2b802e2e2e94', 'RZL', true, NULL, '1/24', '2024-11-20 10:39:39.810704+00', NULL),
  ('01ee6e2a-e220-47d5-af8c-212827a16767', 'adacca37-9747-43fe-ac0f-2b802e2e2e94', 'RZL', false, NULL, '1/25', '2024-11-20 10:39:39.810704+00', NULL),
  ('fc0152fd-841e-46a9-b309-348ccce2badb', '4fa1d190-9afc-400f-b121-cbbfbfbaf714', 'RZL', true, NULL, '1/05', '2024-11-20 10:39:39.810704+00', NULL),
  ('6a9926d2-3218-4cc4-ac6f-544ef3f813a1', '4fa1d190-9afc-400f-b121-cbbfbfbaf714', 'RZL', false, NULL, '1/06', '2024-11-20 10:39:39.810704+00', NULL),
  ('b6f210b2-3ee5-4c74-a635-95a586dedc45', '728089ae-8066-4eed-8a18-dfc4333fc84d', 'RZL', true, NULL, '1/05', '2024-11-20 10:39:39.810704+00', NULL),
  ('ff1660ff-7135-4bfd-8218-27f9a5cd6d69', '728089ae-8066-4eed-8a18-dfc4333fc84d', 'RZL', false, NULL, '1/06', '2024-11-20 10:39:39.810704+00', NULL),
  ('76754be1-9408-422a-8248-24bcfe015d94', 'c4bcbd89-532d-45e9-a81f-addb3b170127', 'RZL', true, NULL, '2', '2024-11-20 10:39:39.810704+00', NULL),
  ('e4e44025-7d06-4d4a-b077-76b2dcb4be97', '38872f7e-c741-4bb5-8028-84b8f1c65cad', 'RZL', true, NULL, '2/19', '2024-11-20 10:39:39.810704+00', NULL),
  ('cc32a1e9-3c7a-4e94-be42-0928a190b784', 'd7c26561-a4f1-4c2b-bdc9-9da755c03994', 'RZL', true, NULL, '2/03', '2024-11-20 10:39:39.810704+00', NULL),
  ('0581cb03-cd67-42c8-b59e-d026281b5859', '514cf9ce-ac14-41b8-bc3c-85f09454941a', 'RZL', true, NULL, '3', '2024-11-20 10:39:39.810704+00', NULL),
  ('c3f8a330-0265-4cf6-a04b-20efe09271af', 'a02656e8-fc2a-429d-9cec-330e5737db6d', 'RZL', true, NULL, '1/07', '2024-11-20 10:39:39.810704+00', NULL),
  ('de96c001-2a91-4585-971e-73a01090d864', 'a02656e8-fc2a-429d-9cec-330e5737db6d', 'RZL', false, NULL, '1/08', '2024-11-20 10:39:39.810704+00', NULL),
  ('87edddbe-8111-4369-96a7-2f6872822e24', '6c1dd50c-1b62-4fc6-981d-05bca682589e', 'RZL', true, NULL, '4', '2024-11-20 10:39:39.810704+00', NULL),
  ('e14a89bb-767f-4877-8ce8-b30aa3afb81f', '09d34346-aed2-4c42-a50e-a966cc50f3c3', 'RZL', true, NULL, '4/23', '2024-11-20 10:39:39.810704+00', NULL),
  ('db90c116-2454-4d95-acca-c0177cf6cfdb', 'c7264732-ca32-4dab-8868-68bc622da31e', 'RZL', true, NULL, '4/23', '2024-11-20 10:39:39.810704+00', NULL),
  ('f31b8302-6eb7-475a-b3a2-4186d0899bbd', '767f2e92-f97d-43d8-a4d3-e7a80045b4ca', 'RZL', true, NULL, '2/21', '2024-11-20 10:39:39.810704+00', NULL),
  ('02478a4b-891f-4f19-8a9e-6f8bbf2a1ebe', '4e143f18-bc16-48c1-bf1d-1e1609fbbadc', 'RZL', true, NULL, '2', '2024-11-20 10:39:39.810704+00', NULL),
  ('303feb60-ba24-48a7-8aa8-977f9522e163', '1f927787-1504-4981-b0e0-f2c9f1358632', 'RZL', false, NULL, '3/04', '2024-11-20 10:39:39.810704+00', NULL),
  ('bfd12a4f-346f-41fc-9fb6-0fc0327f3a3a', '1f927787-1504-4981-b0e0-f2c9f1358632', 'RZL', true, NULL, '3', '2024-11-20 10:39:39.810704+00', NULL),
  ('f9b7256b-4811-4868-b7dc-aef2a69d833d', '03b9a185-391d-4ddc-adc6-a38867cc25c2', 'RZL', true, NULL, '2/02', '2024-11-20 10:39:39.810704+00', NULL),
  ('f3e1dbe4-bb15-474e-baf8-d2ebe305d090', '81f24a7d-5d98-40ce-86bc-23140aab9963', 'RZL', false, NULL, '2/22', '2024-11-20 10:39:39.810704+00', NULL),
  ('38d85d6f-3093-4e23-9299-673cd8caefa9', '97fbe0fb-076f-4c27-aa08-e453551e4557', 'RZL', true, NULL, '2/19', '2024-11-20 10:39:39.810704+00', NULL),
  ('1fdf4cf1-60b9-4939-b9b5-249b0f79794d', 'e3dd17a7-a17f-4505-8f65-5ee2f56fdb52', 'RZL', true, NULL, '2/14', '2024-11-20 10:39:39.810704+00', NULL),
  ('7e336e9e-ebb8-4a55-b3ff-ee9052019395', 'b9ff4369-562e-4273-80e4-7fada148a1f6', 'RZL', true, NULL, '2/20', '2024-11-20 10:39:39.810704+00', NULL),
  ('74b458b2-4d49-4246-9acb-1e687a80c5ad', 'c619ebed-7503-4ce7-a023-3eefd0cd2ecb', 'RZL', true, NULL, '1/05', '2024-11-20 10:39:39.810704+00', NULL),
  ('6a38f48f-e063-47cc-9a7d-6fd93195dd4b', '93f9ed79-0e8e-4ae4-bc9f-8c56ba296fc7', 'RZL', true, NULL, '1/06', '2024-11-20 10:39:39.810704+00', NULL),
  ('52346044-f311-44db-9804-832e2935b4d8', '8d9b62e3-9b3c-4ec6-8489-1fbbd1c6d392', 'RZL', true, NULL, '1/05', '2024-11-20 10:39:39.810704+00', NULL),
  ('8d4925f0-2ddb-4fb1-9cde-fd299db902b4', '8d9b62e3-9b3c-4ec6-8489-1fbbd1c6d392', 'RZL', false, NULL, '1/06', '2024-11-20 10:39:39.810704+00', NULL),
  ('35ff5291-5ec0-4f35-be25-4d8747baf272', '2b7e9bd3-904b-4ecb-9e79-148c8ed01e4f', 'RZL', true, NULL, '1/05', '2024-11-20 10:39:39.810704+00', NULL),
  ('727842b6-0366-45f1-8201-2b83184a114a', '2b7e9bd3-904b-4ecb-9e79-148c8ed01e4f', 'RZL', false, NULL, '1/06', '2024-11-20 10:39:39.810704+00', NULL),
  ('3fa4f69e-4b8e-4f8a-a1f7-6cfef871acdb', '20a59299-20d2-4ff5-8b73-7b42c0b43aae', 'RZL', true, NULL, '1/05', '2024-11-20 10:39:39.810704+00', NULL),
  ('3f9c8dfd-3519-42f9-a7ab-af1da4d283fc', '20a59299-20d2-4ff5-8b73-7b42c0b43aae', 'RZL', false, NULL, '1/06', '2024-11-20 10:39:39.810704+00', NULL),
  ('b3a08b43-1868-49b8-bd46-2cc271a71f01', '8726f56e-93eb-45f1-9af8-932ed61caa5a', 'RZL', true, NULL, '1/05', '2024-11-20 10:39:39.810704+00', NULL),
  ('89fb0d6f-160f-4ee6-b56e-a656115d2e1b', '3bc29b8a-daed-497a-aca0-3d4f855a50c5', 'RZL', true, NULL, '1/05', '2024-11-20 10:39:39.810704+00', NULL),
  ('7ec04eb4-f6bb-4f5e-b25b-edfcb96ee474', '3bc29b8a-daed-497a-aca0-3d4f855a50c5', 'RZL', false, NULL, '1/06', '2024-11-20 10:39:39.810704+00', NULL),
  ('9c2b9688-468f-45da-8e2f-6ae13ba114b5', '03d21eb5-1cf3-4a7c-9ecd-b616e6bc9fcc', 'RZL', true, NULL, '2/14', '2024-11-20 10:39:39.810704+00', NULL),
  ('b4e130f3-c643-4b83-ae09-721072cdad28', '580a446c-f4bb-4816-883c-e09b7678ded6', 'RZL', true, NULL, '2/14', '2024-11-20 10:39:39.810704+00', NULL),
  ('81d070f0-aecd-4167-bf57-b9361aec9534', 'c097991b-9cb2-4a1c-80f8-f59941c8d50c', 'RZL', true, NULL, '2/14', '2024-11-20 10:39:39.810704+00', NULL),
  ('3cb05ab1-e78d-4233-a426-9afbf8d22917', 'f93c27f5-30d1-470c-a313-5bab130144b6', 'RZL', true, NULL, '2/14', '2024-11-20 10:39:39.810704+00', NULL),
  ('cd1d8c65-3e78-4c0b-a1aa-f7eb30148a91', '2eae60ea-c50c-44fb-9842-7da0cb826c45', 'RZL', true, NULL, '2/14', '2024-11-20 10:39:39.810704+00', NULL),
  ('55ba50b7-0cfc-478c-8a8f-eaedd64d1f84', 'd053ec47-27d1-4d92-b484-596e33789f3a', 'RZL', true, NULL, '2/14', '2024-11-20 10:39:39.810704+00', NULL),
  ('e26b687e-aa6e-44fc-83ff-c323131356f7', '649927ac-81c8-4680-89f2-0a3033f19546', 'RZL', true, NULL, '1', '2024-11-20 10:39:39.810704+00', NULL),
  ('7b80ca54-21fd-4feb-8ba7-bb9fd3cb326d', '649927ac-81c8-4680-89f2-0a3033f19546', 'RZL', false, NULL, '1/28', '2024-11-20 10:39:39.810704+00', NULL),
  ('3d521e49-a071-4d17-8494-709c91322035', '268bea24-0add-4213-a70c-3010f10e4ec9', 'RZL', true, NULL, '2', '2024-11-20 10:39:39.810704+00', NULL),
  ('fed943b4-fda5-4475-bc2b-4fcf5a120799', 'abcf3cb5-f402-4700-bf4e-13e9857e91e3', 'AGENDA', true, NULL, '56', '2025-01-16 00:00:00+00', NULL),
  ('f44fbcb5-0742-4057-b812-6ec7cad3f307', '25911ad9-6e89-4a4f-97d1-b60c3ae177a7', 'BMD', true, NULL, '1', '2025-06-05 15:29:29.287455+00', NULL),
  ('eda75954-33c2-4468-8e90-fd646691e804', 'c3a5bdcd-e411-4ff9-8086-ce10fd49db20', 'BMD', true, NULL, '1', '2025-06-05 15:29:29.287455+00', NULL),
  ('bc2b2e1a-1066-42cb-9f33-04d8b7667726', '60e5fcc8-4697-4555-8a47-b6168a44801a', 'BMD', true, NULL, '1', '2025-06-05 15:29:29.287455+00', NULL),
  ('bbb685ba-8950-49c2-823e-bbd2140094b3', '759d8a1f-d2ee-4296-8496-e643ac2a0adf', 'BMD', true, NULL, '1', '2025-06-05 15:29:29.287455+00', NULL),
  ('2692c106-ddfa-42af-b288-c0b463cda76a', 'e3688cb9-5fa2-4222-b959-c4a8fb90d726', 'BMD', true, NULL, '1', '2025-06-05 15:29:29.287455+00', NULL),
  ('46b33de2-9691-4f72-a2a2-adb2d30dcbd9', 'dcaf1747-6ea1-4fb1-968a-203a77113242', 'BMD', true, NULL, '1', '2025-06-05 15:29:29.287455+00', NULL),
  ('95cd785a-7b68-478f-a1f2-ab429094d40a', 'e0aa018b-2bc6-4819-8bfe-e90849100727', 'BMD', true, NULL, '1', '2025-06-05 15:29:29.287455+00', NULL),
  ('74ad394c-d8ca-4a4e-8370-c07c604cd982', 'ea572e5e-2b91-4eda-ab78-921bef50c5c6', 'BMD', true, NULL, '1', '2025-06-05 15:29:29.287455+00', NULL),
  ('36924580-30c2-4dca-9815-9d0584079caf', 'b30991af-0472-463b-880a-b7a2c744b281', 'BMD', true, NULL, '1', '2025-06-05 15:29:29.287455+00', NULL);

